filename	id	type	inferred_type	words_plain	tokens_plain	tokens_markup	tokens_overhead	ratio_markup	tags_approx	chunks_needed_4096	chunks_needed_8192	chunks_needed_32768	chunks_needed_128000
000533_Kufsteiner_Das-Berghotel-112_9783732528110.json	toc	meta	toc	10	13	115	102	8.8462	14	1	1	1	1
000533_Kufsteiner_Das-Berghotel-112_9783732528110.json	imprint	meta	imprint	51	136	839	703	6.1691	31	1	1	1	1
000533_Kufsteiner_Das-Berghotel-112_9783732528110.json	prelude	meta	prelude	246	365	950	585	2.6027	30	1	1	1	1
000533_Kufsteiner_Das-Berghotel-112_9783732528110.json	novel_split_1	narrative	novel	365	580	1292	712	2.2276	24	1	1	1	1
000533_Kufsteiner_Das-Berghotel-112_9783732528110.json	novel_split_2	narrative	novel	1757	2828	7450	4622	2.6344	166	2	1	1	1
000533_Kufsteiner_Das-Berghotel-112_9783732528110.json	novel_split_3	narrative	novel	1715	2612	6460	3848	2.4732	146	2	1	1	1
000533_Kufsteiner_Das-Berghotel-112_9783732528110.json	novel_split_4	narrative	novel	1279	1924	4928	3004	2.5613	106	2	1	1	1
000533_Kufsteiner_Das-Berghotel-112_9783732528110.json	novel_split_5	narrative	novel	1858	2836	7522	4686	2.6523	166	2	1	1	1
000533_Kufsteiner_Das-Berghotel-112_9783732528110.json	novel_split_6	narrative	novel	1938	3019	8486	5467	2.8109	196	3	2	1	1
000533_Kufsteiner_Das-Berghotel-112_9783732528110.json	novel_split_7	narrative	novel	1260	1971	4328	2357	2.1958	88	2	1	1	1
000533_Kufsteiner_Das-Berghotel-112_9783732528110.json	novel_split_8	narrative	novel	1100	1759	4839	3080	2.751	114	2	1	1	1
000533_Kufsteiner_Das-Berghotel-112_9783732528110.json	novel_split_9	narrative	novel	1063	1693	4787	3094	2.8275	112	2	1	1	1
000533_Kufsteiner_Das-Berghotel-112_9783732528110.json	novel_split_10	narrative	novel	1508	2365	6730	4365	2.8457	158	2	1	1	1
000533_Kufsteiner_Das-Berghotel-112_9783732528110.json	novel_split_11	narrative	novel	2732	4242	11117	6875	2.6207	248	3	2	1	1
000533_Kufsteiner_Das-Berghotel-112_9783732528110.json	novel_split_12	narrative	novel	858	1345	3456	2111	2.5695	74	1	1	1	1
000533_Kufsteiner_Das-Berghotel-112_9783732528110.json	novel_split_13	narrative	novel	1456	2262	5417	3155	2.3948	112	2	1	1	1
000533_Kufsteiner_Das-Berghotel-112_9783732528110.json	novel_split_14	narrative	novel	895	1388	4172	2784	3.0058	98	2	1	1	1
000533_Kufsteiner_Das-Berghotel-112_9783732528110.json	novel_split_15	narrative	novel	1194	1805	5294	3489	2.933	148	2	1	1	1
000533_Kufsteiner_Das-Berghotel-112_9783732528110.json	novel_split_16	narrative	novel	904	1377	3621	2244	2.6296	80	1	1	1	1
000533_Kufsteiner_Das-Berghotel-112_9783732528110.json	novel_split_17	narrative	novel	1528	2310	5900	3590	2.5541	128	2	1	1	1
000533_Kufsteiner_Das-Berghotel-112_9783732528110.json	novel_split_18	narrative	novel	611	922	2465	1543	2.6735	56	1	1	1	1
000533_Kufsteiner_Das-Berghotel-112_9783732528110.json	novel_split_19	narrative	novel	1113	1653	4171	2518	2.5233	98	2	1	1	1
000533_Kufsteiner_Das-Berghotel-112_9783732528110.json	preview	meta	preview	265	376	898	522	2.3883	20	1	1	1	1
000533_Kufsteiner_Das-Berghotel-112_9783732528110.json	feedback	meta	feedback	40	61	453	392	7.4262	23	1	1	1	1
000533_Kufsteiner_Das-Berghotel-112_9783732528110.json	reading-sample	meta	reading-sample	629	976	2049	1073	2.0994	124	1	1	1	1
000871_Vlcek_Das-Haus-Zamis-3_9783751705271.json	cover	meta	cover	0	0	85	85	1.0	8	1	1	1	1
000871_Vlcek_Das-Haus-Zamis-3_9783751705271.json	toc	meta	toc	20	52	209	157	4.0192	28	1	1	1	1
000871_Vlcek_Das-Haus-Zamis-3_9783751705271.json	imprint	meta	imprint	39	114	695	581	6.0965	24	1	1	1	1
000871_Vlcek_Das-Haus-Zamis-3_9783751705271.json	unkown	meta	unkown	392	616	1176	560	1.9091	23	1	1	1	1
000871_Vlcek_Das-Haus-Zamis-3_9783751705271.json	unkown	meta	unkown	148	246	736	490	2.9919	19	1	1	1	1
000871_Vlcek_Das-Haus-Zamis-3_9783751705271.json	chapter	narrative	chapter	4677	7629	15119	7490	1.9818	252	4	2	1	1
000871_Vlcek_Das-Haus-Zamis-3_9783751705271.json	chapter	narrative	chapter	6395	10248	19388	9140	1.8919	302	5	3	1	1
000871_Vlcek_Das-Haus-Zamis-3_9783751705271.json	chapter	narrative	chapter	6879	10888	20278	9390	1.8624	314	5	3	1	1
000871_Vlcek_Das-Haus-Zamis-3_9783751705271.json	chapter	narrative	chapter	3940	6176	12239	6063	1.9817	200	3	2	1	1
000871_Vlcek_Das-Haus-Zamis-3_9783751705271.json	chapter	narrative	chapter	2982	4760	9193	4433	1.9313	152	3	2	1	1
000871_Vlcek_Das-Haus-Zamis-3_9783751705271.json	unkown	meta	unkown	2	5	93	88	18.6	8	1	1	1	1
000871_Vlcek_Das-Haus-Zamis-3_9783751705271.json	preview	meta	preview	158	246	928	682	3.7724	25	1	1	1	1
000871_Vlcek_Das-Haus-Zamis-3_9783751705271.json	feedback	meta	feedback	3	4	98	94	24.5	11	1	1	1	1
000871_Vlcek_Das-Haus-Zamis-3_9783751705271.json	reading-sample	meta	reading-sample	316	476	1395	919	2.9307	93	1	1	1	1
000887_Vlcek_Dorian-Hunter-46---Horror-Seri_9783732597987.json	cover	meta	cover	0	0	85	85	1.0	8	1	1	1	1
000887_Vlcek_Dorian-Hunter-46---Horror-Seri_9783732597987.json	toc	meta	toc	21	53	211	158	3.9811	28	1	1	1	1
000887_Vlcek_Dorian-Hunter-46---Horror-Seri_9783732597987.json	imprint	meta	imprint	45	128	760	632	5.9375	26	1	1	1	1
000887_Vlcek_Dorian-Hunter-46---Horror-Seri_9783732597987.json	unkown	meta	unkown	417	666	1176	510	1.7658	19	1	1	1	1
000887_Vlcek_Dorian-Hunter-46---Horror-Seri_9783732597987.json	unkown	meta	unkown	151	244	745	501	3.0533	19	1	1	1	1
000887_Vlcek_Dorian-Hunter-46---Horror-Seri_9783732597987.json	chapter	narrative	chapter	5894	9226	20766	11540	2.2508	432	6	3	1	1
000887_Vlcek_Dorian-Hunter-46---Horror-Seri_9783732597987.json	chapter	narrative	chapter	4070	6546	15488	8942	2.366	344	4	2	1	1
000887_Vlcek_Dorian-Hunter-46---Horror-Seri_9783732597987.json	chapter	narrative	chapter	5549	8814	19490	10676	2.2113	386	5	3	1	1
000887_Vlcek_Dorian-Hunter-46---Horror-Seri_9783732597987.json	chapter	narrative	chapter	6242	9770	23028	13258	2.357	496	6	3	1	1
000887_Vlcek_Dorian-Hunter-46---Horror-Seri_9783732597987.json	chapter	narrative	chapter	5308	8337	18943	10606	2.2722	390	5	3	1	1
000887_Vlcek_Dorian-Hunter-46---Horror-Seri_9783732597987.json	unkown	meta	unkown	879	1324	3166	1842	2.3912	138	1	1	1	1
000887_Vlcek_Dorian-Hunter-46---Horror-Seri_9783732597987.json	preview	meta	preview	174	283	893	610	3.1555	28	1	1	1	1
000887_Vlcek_Dorian-Hunter-46---Horror-Seri_9783732597987.json	feedback	meta	feedback	2	3	95	92	31.6667	11	1	1	1	1
000887_Vlcek_Dorian-Hunter-46---Horror-Seri_9783732597987.json	reading-sample	meta	reading-sample	438	697	1643	946	2.3572	99	1	1	1	1
G. F. Unger Sonder-Edition - Folge 003_ Texas-Marshal (German Edition).json	unkown	meta	unkown	0	0	23	23	1.0	3	1	1	1	1
G. F. Unger Sonder-Edition - Folge 003_ Texas-Marshal (German Edition).json	toc	meta	toc	32	48	191	143	3.9792	36	1	1	1	1
G. F. Unger Sonder-Edition - Folge 003_ Texas-Marshal (German Edition).json	imprint	meta	imprint	33	90	187	97	2.0778	22	1	1	1	1
G. F. Unger Sonder-Edition - Folge 003_ Texas-Marshal (German Edition).json	unkown	meta	unkown	284	435	610	175	1.4023	26	1	1	1	1
G. F. Unger Sonder-Edition - Folge 003_ Texas-Marshal (German Edition).json	chapter	narrative	chapter	1527	2298	4104	1806	1.7859	122	2	1	1	1
G. F. Unger Sonder-Edition - Folge 003_ Texas-Marshal (German Edition).json	chapter	narrative	chapter	1857	2737	4940	2203	1.8049	140	2	1	1	1
G. F. Unger Sonder-Edition - Folge 003_ Texas-Marshal (German Edition).json	chapter	narrative	chapter	3474	5277	9737	4460	1.8452	298	3	2	1	1
G. F. Unger Sonder-Edition - Folge 003_ Texas-Marshal (German Edition).json	chapter	narrative	chapter	3253	4685	8246	3561	1.7601	226	3	2	1	1
G. F. Unger Sonder-Edition - Folge 003_ Texas-Marshal (German Edition).json	chapter	narrative	chapter	3986	6019	10709	4690	1.7792	308	3	2	1	1
G. F. Unger Sonder-Edition - Folge 003_ Texas-Marshal (German Edition).json	chapter	narrative	chapter	4466	6561	11711	5150	1.7849	342	3	2	1	1
G. F. Unger Sonder-Edition - Folge 003_ Texas-Marshal (German Edition).json	chapter	narrative	chapter	2635	3873	6924	3051	1.7878	216	2	1	1	1
G. F. Unger Sonder-Edition - Folge 003_ Texas-Marshal (German Edition).json	chapter	narrative	chapter	2328	3391	6401	3010	1.8876	210	2	1	1	1
G. F. Unger Sonder-Edition - Folge 003_ Texas-Marshal (German Edition).json	chapter	narrative	chapter	2962	4436	8313	3877	1.874	260	3	2	1	1
G. F. Unger Sonder-Edition - Folge 003_ Texas-Marshal (German Edition).json	chapter	narrative	chapter	2322	3458	6541	3083	1.8916	220	2	1	1	1
G. F. Unger Sonder-Edition - Folge 003_ Texas-Marshal (German Edition).json	chapter	narrative	chapter	2515	3613	6814	3201	1.886	224	2	1	1	1
G. F. Unger Sonder-Edition - Folge 003_ Texas-Marshal (German Edition).json	chapter	narrative	chapter	2029	2947	5672	2725	1.9247	206	2	1	1	1
G. F. Unger Sonder-Edition - Folge 003_ Texas-Marshal (German Edition).json	chapter	narrative	chapter	2176	3258	6186	2928	1.8987	198	2	1	1	1
G. F. Unger Sonder-Edition - Folge 003_ Texas-Marshal (German Edition).json	preview	meta	preview	129	193	259	66	1.342	8	1	1	1	1
G. F. Unger Sonder-Edition - Folge 003_ Texas-Marshal (German Edition).json	unkown	meta	unkown	60	97	195	98	2.0103	14	1	1	1	1
G. F. Unger Sonder-Edition - Folge 003_ Texas-Marshal (German Edition).json	unkown	meta	unkown	92	150	473	323	3.1533	35	1	1	1	1
G. F. Unger Sonder-Edition - Folge 003_ Texas-Marshal (German Edition).json	unkown	meta	unkown	12	21	323	302	15.381	34	1	1	1	1
G. F. Unger Sonder-Edition - Folge 003_ Texas-Marshal (German Edition).json	reading-sample	meta	reading-sample	73	111	471	360	4.2432	41	1	1	1	1
000347_Jerry_Cotton_-_Folge_3083__Verw_-_Cotton,_Jerry.json	cover	meta	cover	0	0	22	22	1.0	3	1	1	1	1
000347_Jerry_Cotton_-_Folge_3083__Verw_-_Cotton,_Jerry.json	toc	meta	toc	6	12	97	85	8.0833	14	1	1	1	1
000347_Jerry_Cotton_-_Folge_3083__Verw_-_Cotton,_Jerry.json	imprint	meta	imprint	48	126	778	652	6.1746	30	1	1	1	1
000347_Jerry_Cotton_-_Folge_3083__Verw_-_Cotton,_Jerry.json	unkown	meta	unkown	125	182	540	358	2.967	14	1	1	1	1
000347_Jerry_Cotton_-_Folge_3083__Verw_-_Cotton,_Jerry.json	novel_split_1	narrative	novel	554	849	2027	1178	2.3875	48	1	1	1	1
000347_Jerry_Cotton_-_Folge_3083__Verw_-_Cotton,_Jerry.json	novel_split_2	narrative	novel	597	888	2232	1344	2.5135	54	1	1	1	1
000347_Jerry_Cotton_-_Folge_3083__Verw_-_Cotton,_Jerry.json	novel_split_3	narrative	novel	765	1101	2682	1581	2.436	66	1	1	1	1
000347_Jerry_Cotton_-_Folge_3083__Verw_-_Cotton,_Jerry.json	novel_split_4	narrative	novel	746	1098	2396	1298	2.1821	48	1	1	1	1
000347_Jerry_Cotton_-_Folge_3083__Verw_-_Cotton,_Jerry.json	novel_split_5	narrative	novel	186	282	697	415	2.4716	16	1	1	1	1
000347_Jerry_Cotton_-_Folge_3083__Verw_-_Cotton,_Jerry.json	novel_split_6	narrative	novel	415	605	1421	816	2.3488	32	1	1	1	1
000347_Jerry_Cotton_-_Folge_3083__Verw_-_Cotton,_Jerry.json	novel_split_7	narrative	novel	433	649	1449	800	2.2327	30	1	1	1	1
000347_Jerry_Cotton_-_Folge_3083__Verw_-_Cotton,_Jerry.json	novel_split_8	narrative	novel	813	1236	2832	1596	2.2913	62	1	1	1	1
000347_Jerry_Cotton_-_Folge_3083__Verw_-_Cotton,_Jerry.json	novel_split_9	narrative	novel	1037	1502	3065	1563	2.0406	54	1	1	1	1
000347_Jerry_Cotton_-_Folge_3083__Verw_-_Cotton,_Jerry.json	novel_split_10	narrative	novel	722	1114	2745	1631	2.4641	66	1	1	1	1
000347_Jerry_Cotton_-_Folge_3083__Verw_-_Cotton,_Jerry.json	novel_split_11	narrative	novel	942	1398	3447	2049	2.4657	86	1	1	1	1
000347_Jerry_Cotton_-_Folge_3083__Verw_-_Cotton,_Jerry.json	novel_split_12	narrative	novel	991	1507	3782	2275	2.5096	96	1	1	1	1
000347_Jerry_Cotton_-_Folge_3083__Verw_-_Cotton,_Jerry.json	novel_split_13	narrative	novel	764	1146	2811	1665	2.4529	66	1	1	1	1
000347_Jerry_Cotton_-_Folge_3083__Verw_-_Cotton,_Jerry.json	novel_split_14	narrative	novel	724	1082	3018	1936	2.7893	76	1	1	1	1
000347_Jerry_Cotton_-_Folge_3083__Verw_-_Cotton,_Jerry.json	novel_split_15	narrative	novel	862	1302	3585	2283	2.7535	96	1	1	1	1
000347_Jerry_Cotton_-_Folge_3083__Verw_-_Cotton,_Jerry.json	novel_split_16	narrative	novel	474	720	1853	1133	2.5736	46	1	1	1	1
000347_Jerry_Cotton_-_Folge_3083__Verw_-_Cotton,_Jerry.json	novel_split_17	narrative	novel	422	611	1561	950	2.5548	38	1	1	1	1
000347_Jerry_Cotton_-_Folge_3083__Verw_-_Cotton,_Jerry.json	novel_split_18	narrative	novel	229	341	902	561	2.6452	24	1	1	1	1
000347_Jerry_Cotton_-_Folge_3083__Verw_-_Cotton,_Jerry.json	novel_split_19	narrative	novel	770	1125	2550	1425	2.2667	56	1	1	1	1
000347_Jerry_Cotton_-_Folge_3083__Verw_-_Cotton,_Jerry.json	novel_split_20	narrative	novel	314	482	1428	946	2.9627	38	1	1	1	1
000347_Jerry_Cotton_-_Folge_3083__Verw_-_Cotton,_Jerry.json	novel_split_21	narrative	novel	591	874	2561	1687	2.9302	68	1	1	1	1
000347_Jerry_Cotton_-_Folge_3083__Verw_-_Cotton,_Jerry.json	novel_split_22	narrative	novel	171	239	548	309	2.2929	14	1	1	1	1
000347_Jerry_Cotton_-_Folge_3083__Verw_-_Cotton,_Jerry.json	novel_split_23	narrative	novel	819	1249	3155	1906	2.526	80	1	1	1	1
000347_Jerry_Cotton_-_Folge_3083__Verw_-_Cotton,_Jerry.json	novel_split_24	narrative	novel	243	349	870	521	2.4928	22	1	1	1	1
000347_Jerry_Cotton_-_Folge_3083__Verw_-_Cotton,_Jerry.json	novel_split_25	narrative	novel	951	1453	3623	2170	2.4935	84	1	1	1	1
000347_Jerry_Cotton_-_Folge_3083__Verw_-_Cotton,_Jerry.json	novel_split_26	narrative	novel	611	907	2031	1124	2.2393	44	1	1	1	1
000347_Jerry_Cotton_-_Folge_3083__Verw_-_Cotton,_Jerry.json	novel_split_27	narrative	novel	940	1442	3671	2229	2.5458	88	1	1	1	1
000347_Jerry_Cotton_-_Folge_3083__Verw_-_Cotton,_Jerry.json	novel_split_28	narrative	novel	394	597	1424	827	2.3853	32	1	1	1	1
000347_Jerry_Cotton_-_Folge_3083__Verw_-_Cotton,_Jerry.json	novel_split_29	narrative	novel	574	848	1980	1132	2.3349	42	1	1	1	1
000347_Jerry_Cotton_-_Folge_3083__Verw_-_Cotton,_Jerry.json	novel_split_30	narrative	novel	767	1150	2784	1634	2.4209	68	1	1	1	1
000347_Jerry_Cotton_-_Folge_3083__Verw_-_Cotton,_Jerry.json	novel_split_31	narrative	novel	265	412	1127	715	2.7354	34	1	1	1	1
000347_Jerry_Cotton_-_Folge_3083__Verw_-_Cotton,_Jerry.json	novel_split_32	narrative	novel	701	1043	2711	1668	2.5992	70	1	1	1	1
000347_Jerry_Cotton_-_Folge_3083__Verw_-_Cotton,_Jerry.json	novel_split_33	narrative	novel	1047	1545	4131	2586	2.6738	104	2	1	1	1
000347_Jerry_Cotton_-_Folge_3083__Verw_-_Cotton,_Jerry.json	novel_split_34	narrative	novel	750	1098	2619	1521	2.3852	60	1	1	1	1
000347_Jerry_Cotton_-_Folge_3083__Verw_-_Cotton,_Jerry.json	novel_split_35	narrative	novel	1178	1738	4027	2289	2.317	88	1	1	1	1
000347_Jerry_Cotton_-_Folge_3083__Verw_-_Cotton,_Jerry.json	novel_split_36	narrative	novel	340	501	1335	834	2.6647	34	1	1	1	1
000347_Jerry_Cotton_-_Folge_3083__Verw_-_Cotton,_Jerry.json	novel_split_37	narrative	novel	149	223	606	383	2.7175	16	1	1	1	1
000347_Jerry_Cotton_-_Folge_3083__Verw_-_Cotton,_Jerry.json	novel_split_38	narrative	novel	337	480	1249	769	2.6021	34	1	1	1	1
000347_Jerry_Cotton_-_Folge_3083__Verw_-_Cotton,_Jerry.json	novel_split_39	narrative	novel	591	897	2011	1114	2.2419	44	1	1	1	1
000347_Jerry_Cotton_-_Folge_3083__Verw_-_Cotton,_Jerry.json	novel_split_40	narrative	novel	1095	1713	4734	3021	2.7636	126	2	1	1	1
000347_Jerry_Cotton_-_Folge_3083__Verw_-_Cotton,_Jerry.json	novel_split_41	narrative	novel	678	1010	2740	1730	2.7129	70	1	1	1	1
000347_Jerry_Cotton_-_Folge_3083__Verw_-_Cotton,_Jerry.json	novel_split_42	narrative	novel	233	330	793	463	2.403	18	1	1	1	1
000347_Jerry_Cotton_-_Folge_3083__Verw_-_Cotton,_Jerry.json	novel_split_43	narrative	novel	655	989	2539	1550	2.5672	66	1	1	1	1
000347_Jerry_Cotton_-_Folge_3083__Verw_-_Cotton,_Jerry.json	novel_split_44	narrative	novel	222	317	786	469	2.4795	20	1	1	1	1
000347_Jerry_Cotton_-_Folge_3083__Verw_-_Cotton,_Jerry.json	preview	meta	preview	88	130	297	167	2.2846	6	1	1	1	1
000347_Jerry_Cotton_-_Folge_3083__Verw_-_Cotton,_Jerry.json	feedback	meta	feedback	42	62	370	308	5.9677	20	1	1	1	1
000347_Jerry_Cotton_-_Folge_3083__Verw_-_Cotton,_Jerry.json	reading-sample	meta	reading-sample	288	404	1229	825	3.0421	86	1	1	1	1
000347_Jerry_Cotton_-_Folge_3083__Verw_-_Cotton,_Jerry.json	chapter	narrative	chapter	0	0	59	59	1.0	3	1	1	1	1
000151_Fernthaler_Alpengold-265_9783732560165.json	toc	meta	toc	7	12	114	102	9.5	14	1	1	1	1
000151_Fernthaler_Alpengold-265_9783732560165.json	imprint	meta	imprint	49	127	834	707	6.5669	31	1	1	1	1
000151_Fernthaler_Alpengold-265_9783732560165.json	prelude	meta	prelude	145	210	634	424	3.019	25	1	1	1	1
000151_Fernthaler_Alpengold-265_9783732560165.json	novel_split_1	narrative	novel	1942	2843	6303	3460	2.217	124	2	1	1	1
000151_Fernthaler_Alpengold-265_9783732560165.json	novel_split_2	narrative	novel	1723	2472	5902	3430	2.3875	126	2	1	1	1
000151_Fernthaler_Alpengold-265_9783732560165.json	novel_split_3	narrative	novel	341	499	1610	1111	3.2265	42	1	1	1	1
000151_Fernthaler_Alpengold-265_9783732560165.json	novel_split_4	narrative	novel	474	708	1912	1204	2.7006	44	1	1	1	1
000151_Fernthaler_Alpengold-265_9783732560165.json	novel_split_5	narrative	novel	609	895	2311	1416	2.5821	52	1	1	1	1
000151_Fernthaler_Alpengold-265_9783732560165.json	novel_split_6	narrative	novel	1324	1914	5430	3516	2.837	130	2	1	1	1
000151_Fernthaler_Alpengold-265_9783732560165.json	novel_split_7	narrative	novel	754	1086	2580	1494	2.3757	54	1	1	1	1
000151_Fernthaler_Alpengold-265_9783732560165.json	novel_split_8	narrative	novel	2474	3475	8720	5245	2.5094	188	3	2	1	1
000151_Fernthaler_Alpengold-265_9783732560165.json	novel_split_9	narrative	novel	1690	2411	5947	3536	2.4666	128	2	1	1	1
000151_Fernthaler_Alpengold-265_9783732560165.json	novel_split_10	narrative	novel	1476	2138	5612	3474	2.6249	128	2	1	1	1
000151_Fernthaler_Alpengold-265_9783732560165.json	novel_split_11	narrative	novel	325	483	1171	688	2.4244	24	1	1	1	1
000151_Fernthaler_Alpengold-265_9783732560165.json	novel_split_12	narrative	novel	557	800	2150	1350	2.6875	50	1	1	1	1
000151_Fernthaler_Alpengold-265_9783732560165.json	novel_split_13	narrative	novel	1392	1989	5400	3411	2.7149	128	2	1	1	1
000151_Fernthaler_Alpengold-265_9783732560165.json	novel_split_14	narrative	novel	3079	4373	11374	7001	2.601	256	3	2	1	1
000151_Fernthaler_Alpengold-265_9783732560165.json	novel_split_15	narrative	novel	2608	3714	9924	6210	2.6721	226	3	2	1	1
000151_Fernthaler_Alpengold-265_9783732560165.json	novel_split_16	narrative	novel	1141	1614	4331	2717	2.6834	100	2	1	1	1
000151_Fernthaler_Alpengold-265_9783732560165.json	novel_split_17	narrative	novel	577	835	1923	1088	2.303	38	1	1	1	1
000151_Fernthaler_Alpengold-265_9783732560165.json	novel_split_18	narrative	novel	656	907	2353	1446	2.5943	54	1	1	1	1
000151_Fernthaler_Alpengold-265_9783732560165.json	novel_split_19	narrative	novel	224	318	808	490	2.5409	18	1	1	1	1
000151_Fernthaler_Alpengold-265_9783732560165.json	novel_split_20	narrative	novel	876	1245	2965	1720	2.3815	60	1	1	1	1
000151_Fernthaler_Alpengold-265_9783732560165.json	novel_split_21	narrative	novel	1815	2533	5958	3425	2.3522	120	2	1	1	1
000151_Fernthaler_Alpengold-265_9783732560165.json	novel_split_22	narrative	novel	1562	2242	5809	3567	2.591	130	2	1	1	1
000151_Fernthaler_Alpengold-265_9783732560165.json	novel_split_23	narrative	novel	903	1290	3115	1825	2.4147	68	1	1	1	1
000151_Fernthaler_Alpengold-265_9783732560165.json	preview	meta	preview	149	223	823	600	3.6906	29	1	1	1	1
000151_Fernthaler_Alpengold-265_9783732560165.json	feedback	meta	feedback	71	101	491	390	4.8614	22	1	1	1	1
000151_Fernthaler_Alpengold-265_9783732560165.json	reading-sample	meta	reading-sample	722	1151	2282	1131	1.9826	128	1	1	1	1
