filename	explicit_chapter	implicit_chapter_stars	implicit_chapter_jpg	novel_no_separator	non-chapter	total_chunks
000001_03_-_Bomben_fur_Dortmund_-_Peter_Hebel.json	0	0	0	1	11	12
000002_2012_-_Folge_06_-_Manfred_Weinland.json	10	0	7	0	7	24
000003_Adams_Julia-Extra-Band-379_9783733703967.json	50	0	0	0	9	59
000004_Alaska_in_Love_-_Familiengeheimnisse,_Riva_-_Catherine_Mann.json	92	0	0	0	33	125
000005_Alexi_Fuersten-Roman-2581_9783732583782.json	0	0	15	0	6	21
000006_Alexi_Fuersten-Roman-2611_9783751700221.json	0	0	20	0	6	26
000007_Alexi_Fuersten-Roman-2637_9783751720106.json	0	0	18	0	6	24
000008_Altom_Bianca-Extra-Band-17_9783733732462.json	41	0	0	0	9	50
000009_Anderson_Im-Liebesbann-des-Tycoons_9783733737634.json	71	0	0	0	25	96
000010_Anderson_Julia-Aerzte-zum-Verlieben-Band_9783751501552.json	31	0	0	0	10	41
000011_Anruf_aus_dem_Jenseits.json	0	32	0	0	10	42
000012_BACCARA_SPEZIAL_BAND_4_-_Cynthia_Eden,_Lena_Diaz,_Carla_Cassidy.json	51	0	0	0	8	59
000013_Bad_Earth_-_Folge_43_-_Alfred_Bekker.json	0	25	0	0	9	34
000014_Baine_Julia-Aerzte-zum-Verlieben-Band_9783751501576.json	32	0	0	0	10	42
000015_Ball_10-DR.-MORTON-Storys-Box-1_9783864735455.json	18	0	0	0	17	35
000016_Beckett_Julia-Aerzte-zum-Verlieben-Band_9783733715601.json	38	0	0	0	10	48
000017_Bekker_Bad-Earth-43---Science-Fiction_9783732548767.json	0	25	0	0	9	34
000018_Bennett_Collection-Baccara-Band-365_9783733723279.json	32	0	0	0	9	41
000019_Berlin_Julia-Aerzte-zum-Verlieben-Band_9783733715625.json	38	0	0	0	9	47
000020_Birkmoser_Alpengold-262_9783732559831.json	0	28	0	0	6	34
000021_Birkmoser_Alpengold-350_9783751710510.json	0	35	0	0	6	41
000022_Bissell_Die-schoensten-Liebesromane-der_9783751505475.json	135	0	0	0	37	172
000023_Blake_Der-Reiz-des-Fremden---Blind-D_9783733736323.json	64	0	0	0	23	87
000024_Blake_The-Wedding-Party-Collection--_9783733716646.json	72	0	0	0	24	96
000025_Braut_nur_nach_Freigabe!_-_5-teilige_Serie_-_Caitlin_Crews,_Abby_Green,_Melanie_Milburn.json	59	0	0	0	21	80
000026_Browning_Traummaenner-_-Traumziele_-Ital_9783733787103.json	45	0	0	0	18	63
000027_Burger_Alpengold-256_9783732554836.json	0	34	0	0	6	40
000028_Burger_Alpengold-333_9783751702645.json	0	26	0	0	6	32
000029_Burns_Tiffany-Extra-Hot-_-Sexy-Band-_9783733753832.json	56	0	0	0	9	65
000030_Butler_Parker_-_206_-_Parker_zahmt_den_Blu_-_Donges,_Gunter.json	0	31	0	0	9	40
000031_Butler_Parker_-_Paket_1_-_E-Book_1-50_-_Donges,_Gunter.json	0	542	0	0	104	646
000032_Butler_Parker_Kelter_1-50.json	0	542	0	0	104	646
000033_COLLECTION_BACCARA_BAND_350_-_Wendy_Etherington,_Ann_Major,_Kathryn_Jens.json	40	0	0	0	10	50
000034_COLLECTION_BACCARA_BAND_351_-_Kathie_DeNosky,_Janice_Maynard,_Maureen_Ch.json	30	0	0	0	10	40
000035_COLLECTION_BACCARA_BAND_353_-_Nancy_Robards_Thompson,_Dara_Girard,_Yvonn.json	35	0	0	0	8	43
000036_COLLECTION_BACCARA_BAND_354_-_Paula_Roe,_A.C.Arthur,_Kathie_DeNosky.json	32	0	0	0	8	40
000037_COLLECTION_BACCARA_BAND_355_-_Kristi_Gold,_Allison_Leigh,_Robyn_Grady.json	32	0	0	0	10	42
000038_COLLECTION_BACCARA_BAND_356_-_Kayla_Perrin,_Sarah_M._Anderson,_Barbara_D.json	32	0	0	0	10	42
000039_COLLECTION_BACCARA_BAND_357_-_Cat_Schield,_Farrah_Rochon,_Charlene_Sands.json	31	0	0	0	8	39
000040_COLLECTION_BACCARA_BAND_358_-_Cat_Schield,_Barbara_Dunlop,_Harmony_Evans.json	35	0	0	0	8	43
000041_COLLECTION_BACCARA_BAND_359_-_Cat_Schield,_Jennifer_LaBrecque,_Debbi_Raw.json	33	0	0	0	9	42
000042_COLLECTION_BACCARA_BAND_360_-_Barbara_Dunlop,_Yahrah_St._John,_Brenda_Ha.json	38	0	0	0	9	47
000043_COLLECTION_BACCARA_BAND_361_-_Jennifer_LaBrecque,_Kayla_Perrin,_Andrea_L.json	36	0	0	0	9	45
000044_COLLECTION_BACCARA_BAND_362_-_Maureen_Smith,_Jennifer_Greene,_Andrea_Lau.json	37	0	0	0	9	46
000045_COLLECTION_BACCARA_BAND_363_-_Brenda_Jackson,_Leanne_Banks,_Andrea_Laure.json	36	0	0	0	9	45
000046_COLLECTION_BACCARA_BAND_364_-_Kathryn_Jensen,_Dara_Girard,_Andrea_Lauren.json	32	0	0	0	8	40
000047_COLLECTION_BACCARA_BAND_365_-_Silver_James,_Kimberly_Kaye_Terry,_Jules_B.json	32	0	0	0	9	41
000048_COLLECTION_BACCARA_BAND_366_-_Lauren_Canan,_Elaine_Overton,_Michelle_Cel.json	39	0	0	0	7	46
000049_COLLECTION_BACCARA_BAND_367_-_Emily_McKay,_Nicki_Night,_Christine_Rimmer.json	39	0	0	0	9	48
000050_Carlisle_Julia-Aerzte-zum-Verlieben-Band_9783751501583.json	35	0	0	0	8	43
000051_Carlisle_Julia-Aerzte-zum-Verlieben-Band_9783751501644.json	32	0	0	0	11	43
000052_Carson_Dorian-Hunter-36---Horror-Seri_9783732591916.json	5	0	0	0	9	14
000053_Carson_Dorian-Hunter-42---Horror-Seri_9783732597949.json	5	0	0	0	9	14
000054_Carson_Dorian-Hunter-50---Horror-Seri_9783732598946.json	5	0	0	0	9	14
000055_Cassidy_Baccara-Spezial-Band-4_9783733729257.json	51	0	0	0	8	59
000056_Cassidy_Baccara-Spezial-Band-8_9783733729295.json	43	0	0	0	7	50
000057_Celmer_Collection-Baccara-Band-366_9783733723286.json	39	0	0	0	7	46
000058_Celmer_Koenigliche-Verfuehrungen---Mach_9783733738938.json	106	0	0	0	28	134
000059_Child_Collection-Baccara-Band-350_9783733722487.json	40	0	0	0	10	50
000060_Child_Collection-Baccara-Band-351_9783733722500.json	30	0	0	0	10	40
000061_Child_Manhattan-Millionaires---Skand_9783733716677.json	70	0	0	0	23	93
000062_Child_Tiffany-Extra-Hot-_-Sexy-Band-_9783733753887.json	43	0	0	0	9	52
000063_Claydon_Julia-Aerzte-zum-Verlieben-Band_9783733715632.json	34	0	0	0	10	44
000064_Claydon_Julia-Aerzte-zum-Verlieben-Band_9783751501569.json	33	0	0	0	10	43
000065_Claydon_Julia-Aerzte-zum-Verlieben-Band_9783751501613.json	35	0	0	0	10	45
000066_Colley_Im-Bann-der-Diamanten---Zwei-F_9783733727314.json	65	0	0	0	20	85
000067_Colter_Hochzeit-mit-dem-Boss_9783733727338.json	43	0	0	0	18	61
000068_Cotton_Jerry-Cotton-1---Krimi-Serie_9783732574506.json	0	19	0	0	5	24
000069_Cotton_Jerry-Cotton-3288---Krimi-Seri_9783732596546.json	0	0	7	0	6	13
000070_Courths-Mahler_Hedwig-Courths-Mahler---Folge-_9783732502929.json	0	16	0	0	6	22
000071_Courths-Mahler_Hedwig-Courths-Mahler-Grossband_9783732557202.json	0	231	0	0	45	276
000072_Courths-Mahler_Hedwig-Courths-Mahler-Grossband_9783732557226.json	0	248	0	0	45	293
000073_Courths-Mahler_Hedwig-Courths-Mahler-Grossband_9783732557233.json	0	203	0	1	42	246
000074_Courths-Mahler_Hedwig-Courths-Mahler-Grossband_9783732557240.json	0	221	0	0	45	266
000075_Courths-Mahler_Hedwig-Courths-Mahler-Grossband_9783732557257.json	0	263	0	0	45	308
000076_Crews_Braut-nur-nach-Freigabe_---5-t_9783733738167.json	59	0	0	0	21	80
000077_Crouch_Baccara-Spezial-Band-7_9783733729288.json	72	0	0	0	8	80
000078_Dan_Shocker's_Macabros_1_-_Dan_Shocker.json	0	44	0	0	4	48
000079_Darcy_Julia-Extra-Band-382_9783733704049.json	50	0	0	0	10	60
000080_Das_Haus_Zamis_0003_-_Ernst_Vlcek.json	5	0	0	0	9	14
000081_Das_Herz_des_griechischen_Milliardars_-_Emilie_Rose,_Rebecca_Winters,_Sharon_Kendr.json	42	0	0	0	16	58
000082_Das_McNeill_Imperium_-_Eine_machtige_Famil_-_Joanne_Rock.json	120	0	0	0	34	154
000083_Das_Horror-Schloß_im_Spessart.json	0	28	0	0	10	38
000084_Davenport_Das-Haus-Zamis-12_9783751714662.json	4	0	0	0	9	13
000085_Davenport_Das-Haus-Zamis-13_9783751714679.json	4	0	0	0	9	13
000086_Davenport_Das-Haus-Zamis-14_9783751714686.json	4	0	0	0	9	13
000087_Davenport_Das-Haus-Zamis-15_9783751714693.json	4	0	0	0	9	13
000088_Davenport_Das-Haus-Zamis-4_9783751705288.json	5	0	0	0	9	14
000089_Davenport_Das-Haus-Zamis-5_9783751705295.json	5	0	0	0	9	14
000090_Davenport_Das-Haus-Zamis-7_9783751708692.json	5	0	0	0	9	14
000091_Davenport_Das-Haus-Zamis-8_9783751709415.json	5	0	0	0	9	14
000092_Davenport_Dorian-Hunter-12---Horror-Seri_9783732576685.json	4	0	0	0	9	13
000093_Davenport_Dorian-Hunter-13---Horror-Seri_9783732576692.json	5	0	0	0	9	14
000094_Davenport_Dorian-Hunter-14---Horror-Seri_9783732577620.json	5	0	0	0	9	14
000095_Davenport_Dorian-Hunter-17---Horror-Seri_9783732579693.json	5	0	0	0	9	14
000096_Davenport_Dorian-Hunter-18---Horror-Seri_9783732580590.json	5	0	0	0	9	14
000097_Davenport_Dorian-Hunter-2---Horror-Serie_9783732569830.json	5	0	0	0	8	13
000098_Davenport_Dorian-Hunter-21---Horror-Seri_9783732581849.json	4	0	0	0	9	13
000099_Davenport_Dorian-Hunter-23---Horror-Seri_9783732583096.json	5	0	0	0	9	14
000100_Davenport_Dorian-Hunter-29---Horror-Seri_9783732587193.json	5	0	0	0	9	14
000101_Davenport_Dorian-Hunter-31---Horror-Seri_9783732588657.json	5	0	0	0	9	14
000102_Davenport_Dorian-Hunter-32---Horror-Seri_9783732590193.json	5	0	0	0	9	14
000103_Davenport_Dorian-Hunter-35---Horror-Seri_9783732590964.json	5	0	0	0	9	14
000104_Davenport_Dorian-Hunter-37---Horror-Seri_9783732591923.json	4	0	0	0	9	13
000105_Davenport_Dorian-Hunter-39---Horror-Seri_9783732591947.json	5	0	0	0	9	14
000106_Davenport_Dorian-Hunter-4---Horror-Serie_9783732571802.json	4	0	0	1	8	13
000107_Davenport_Dorian-Hunter-44---Horror-Seri_9783732597963.json	4	0	0	0	9	13
000108_Davenport_Dorian-Hunter-47---Horror-Seri_9783732597994.json	4	0	0	0	9	13
000109_Davenport_Dorian-Hunter-7---Horror-Serie_9783732574056.json	5	0	0	0	9	14
000110_Davenport_Dorian-Hunter-9---Horror-Serie_9783732575008.json	5	0	0	0	9	14
000111_Der_Bergpfarrer_-_Paket_1_-_E-Book_1-50_-_Waidacher,_Toni.json	0	0	0	0	116	116
000112_Der_Hexer_01_-_Wolfgang_Hohlbein.json	1	0	0	0	13	14
000113_Der_Reiz_des_Fremden_-_Blind_Dates_mit_Fol_-_Ally_Blake,_Bonnie_Gardner,_Raye_Morgan,_L.json	64	0	0	0	23	87
000114_Der_kleine_Furst_-_Paket_1_-_E-Book_1-50_-_Maybach,_Viola.json	0	0	0	0	116	116
000115_Der_kleine_Fürst_Paket_1.json	0	0	0	0	116	116
000116_Der_schone_Fremde_in_meinem_Bett_-_Mollie_Molay.json	33	0	0	0	9	42
000117_Der_unheimliche_Mönch.json	0	32	0	0	10	42
000118_Deutsche_Balladen_(German_Editi_-_Avenarius,_Ferdinand.json	0	0	0	0	142	142
000119_Diaz_Baccara-Spezial-Band-14_9783751500814.json	65	0	0	0	8	73
000120_Die_Abrechnung_-_von_Frank_Callahan.json	0	0	32	0	5	37
000121_Die_Mafia_ladt_zum_Sterben_ein__-_Cotton,_Jerry.json	11	0	0	0	7	18
000122_Die_Milliardar-Kollektion_-_Sechs_leidensc_-_Lynne_Graham,_Maisey_Yates,_Kate_Hewitt.json	64	0	0	0	25	89
000123_Die_Schwarzen_Perlen_-_Folge_27_-_O._S._Winterfield.json	0	35	0	0	7	42
000124_Die_Widows-Connection_-_Jerry_Cotton.json	0	0	7	0	6	13
000125_Die_schonsten_Liebesromane_der_-_Lynn_Graham,_Robyn_Donald,_Liz_.json	45	0	0	0	8	53
000126_Die_schonsten_Liebesromane_der_Welt_-_Best_-_Caitlin_Crews,_Dani_Collins,_Maya_Blake,_T.json	135	0	0	0	37	172
000127_Die_schonsten_Liebesromane_der_Welt_-_Best_-_Lucy_Gordon,_Kate_Hardy,_Chantelle_Shaw,_S.json	149	0	0	0	33	182
000128_Die_schonsten_Liebesromane_der_Welt,_Band_-_Lynn_Graham,_Robyn_Donald,_Liz_Fielding,_L.json	45	0	0	0	8	53
000129_Die_schönsten_Liebesromane_der_Welt,_Band_285_nodrm.json	45	0	0	0	8	53
000130_Dino-Land_-_Folge_05_-_Frank_Rehfeld.json	0	24	0	0	9	33
000131_Doenges_Butler-Parker-206---Kriminalro_9783740974770.json	0	31	0	0	9	40
000132_Duarte_Bianca-Extra-Band-19_9783733732509.json	40	0	0	0	9	49
000133_Dunlop_Collection-Baccara-Band-356_9783733722586.json	32	0	0	0	10	42
000134_Dunlop_Collection-Baccara-Band-358_9783733722623.json	35	0	0	0	8	43
000135_Dunlop_Collection-Baccara-Band-360_9783733722661.json	38	0	0	0	9	47
000136_Eibner_Alpengold-327_9783732598670.json	0	30	0	0	6	36
000137_Ein_Prinz_zum_Verlieben_-_Mindy_Neff.json	30	0	0	0	14	44
000138_Ein_Schlossherr_zum_Verlieben___-_Christina_Hollis___Sabrina_Phil.json	46	0	0	0	9	55
000139_Ein_Schlossherr_zum_Verlieben___Heisses_Ha_-_Christina_Hollis___Sabrina_Philips___Janet.json	46	0	0	0	9	55
000140_Ein_Schlossherr_zum_Verlieben___Heißes_Happy_End_in_Griechenland___Auf_der_Jacht_des_italienischen_Millionörs___Im_Licht_der_Wintersonne_nodrm.json	46	0	0	0	9	55
000141_Ein_skandaloses_Geheimnis_-_Leah_Vale.json	30	0	0	0	7	37
000143_Engstroem_Romana-Sommerliebe-Band-1_9783733742010.json	38	0	0	0	12	50
000144_Engstroem_Romana-Sommerliebe-Band-3_9783733744182.json	33	0	0	0	12	45
000145_Esch_Alpengold-246_9783732547333.json	0	25	0	0	6	31
000146_Eschbach_Alpengold-250_9783732551835.json	0	24	0	0	6	30
000147_Fernthaler_Alpengold-254_9783732554515.json	0	30	0	0	6	36
000148_Fernthaler_Alpengold-257_9783732554843.json	0	42	0	0	6	48
000149_Fernthaler_Alpengold-261_9783732557936.json	0	32	0	0	6	38
000150_Fernthaler_Alpengold-264_9783732560158.json	0	41	0	0	6	47
000151_Fernthaler_Alpengold-265_9783732560165.json	0	23	0	0	6	29
000152_Fernthaler_Alpengold-346_9783751710473.json	0	33	0	0	6	39
000153_Ferrarella_Bianca-Extra-Band-15_9783733732424.json	40	0	0	0	9	49
000154_Ferrarella_Bianca-Extra-Band-18_9783733732486.json	38	0	0	0	11	49
000155_Fetzer_Im-Dschungel-der-Lust_9783954467235.json	8	0	0	0	3	11
000156_Fleming_Dorian-Hunter-22---Horror-Seri_9783732583089.json	4	0	0	0	9	13
000157_Folge_mir_auf_mein_Schloss.json	43	0	0	0	8	51
000158_Froehlich_Maddrax-300_9783838712819.json	0	0	26	0	15	41
000159_Froehlich_Maddrax-312_9783838714882.json	0	0	29	0	12	41
000160_Froehlich_Maddrax-321_9783838718088.json	3	0	0	0	11	14
000161_Froehlich_Maddrax-338_9783838725826.json	0	0	27	0	11	38
000162_Froehlich_Maddrax-348_9783838744605.json	0	0	22	0	11	33
000163_Fursten-Roman_-_Folge_2428_-_Diana_Laurent.json	0	22	0	0	6	28
000164_Furstenkinder_-_8_-_Bezaubernde_neue_Mutti_-_Konig,_Regine.json	0	21	0	0	9	30
000165_Furstenkrone_-_Paket_1_-_E-Book_1-50_-_von_Grafenegg,_Roberta;_Martens,_Laura;_Wi.json	0	296	0	0	141	437
000166_Furstenkrone_-_Paket_2_-_E-Book_51-100_-_Martens,_Laura;_von_Kampen,_Jutta;_Maria,_.json	0	39	0	0	105	144
000167_Fürstenkrone_Kelter_1-50.json	0	296	0	0	141	437
000168_Fürstenkrone_Kelter_51-100.json	0	39	0	0	105	144
000169_Fürstenkrone_Paket_1.json	0	296	0	0	141	437
000170_Fürstenkrone_Paket_2.json	0	39	0	0	105	144
000171_G._F._Unger_Sonder-Edition_-_Folge_001__Ve_-_Unger,_G._F_.json	14	0	0	0	11	25
000172_G._F._Unger_Sonder-Edition_-_Folge_001__Verlorene_Stadt_(German_Edition).json	14	0	0	0	11	25
000173_G._F._Unger_Sonder-Edition_-_Folge_002__Ja_-_Unger,_G._F_.json	14	0	0	0	10	24
000174_G._F._Unger_Sonder-Edition_-_Folge_002__Jamie_und_Clyde_(German_Edition).json	14	0	0	0	10	24
000175_G._F._Unger_Sonder-Edition_-_Folge_003__Te_-_Unger,_G._F_.json	13	0	0	0	9	22
000176_G._F._Unger_Sonder-Edition_-_Folge_003__Texas-Marshal_(German_Edition).json	13	0	0	0	9	22
000177_G._F._Unger_Sonder-Edition_-_Folge_004__Fl_-_Unger,_G._F_.json	15	0	0	0	9	24
000178_G._F._Unger_Sonder-Edition_-_Folge_004__Flucht_durch_den_Blizzard_(German_Edition).json	15	0	0	0	9	24
000179_G._F._Unger_Sonder-Edition_-_Folge_005__Pf_-_Unger,_G._F_.json	14	0	0	0	11	25
000180_G._F._Unger_Sonder-Edition_-_Folge_005__Pferdejäger_(German_Edition).json	14	0	0	0	11	25
000181_G._F._Unger_Sonder-Edition_-_Folge_006__Di_-_Unger,_G._F_.json	13	0	0	0	12	25
000182_G._F._Unger_Sonder-Edition_-_Folge_006__Die_Gun-Sisters_(German_Edition).json	13	0	0	0	12	25
000183_G._F._Unger_Sonder-Edition_-_Folge_007__Co_-_Unger,_G._F_.json	14	0	0	0	11	25
000184_G._F._Unger_Sonder-Edition_-_Folge_007__Cowboy-Wege_(German_Edition).json	14	0	0	0	11	25
000185_G._F._Unger_Sonder-Edition_-_Folge_008__Ma_-_Unger,_G._F_.json	13	0	0	0	12	25
000186_G._F._Unger_Sonder-Edition_-_Folge_008__Main_Street_(German_Edition).json	13	0	0	0	12	25
000187_G._F._Unger_Sonder-Edition_-_Folge_009__Da_-_Unger,_G._F_.json	13	0	0	0	11	24
000188_G._F._Unger_Sonder-Edition_-_Folge_009__Das_Paar_aus_Louisiana_(German_Edition).json	13	0	0	0	11	24
000189_G._F._Unger_Sonder-Edition_-_Folge_010__Wy_-_Unger,_G._F_.json	14	0	0	0	12	26
000190_G._F._Unger_Sonder-Edition_-_Folge_010__Wyoming_Wade_(German_Edition).json	14	0	0	0	12	26
000191_G._F._Unger_Sonder-Edition_-_Folge_011__Im_-_Unger,_G._F_.json	15	0	0	0	11	26
000192_G._F._Unger_Sonder-Edition_-_Folge_011__Im_Schatten_der_Coltritter_(German_Edition).json	15	0	0	0	11	26
000193_G._F._Unger_Sonder-Edition_-_Folge_012__Ei_-_Unger,_G._F_.json	13	0	0	0	11	24
000194_G._F._Unger_Sonder-Edition_-_Folge_012__Einsam_in_der_Hölle_(German_Edition).json	13	0	0	0	11	24
000195_G._F._Unger_Sonder-Edition_-_Folge_013__Su_-_Unger,_G._F_.json	13	0	0	0	12	25
000196_G._F._Unger_Sonder-Edition_-_Folge_013__Sündige_Stadt_(German_Edition).json	13	0	0	0	12	25
000197_G._F._Unger_Sonder-Edition_-_Folge_014__Da_-_Unger,_G._F_.json	9	0	0	0	12	21
000198_G._F._Unger_Sonder-Edition_-_Folge_014__Das_Paar_aus_Texas_(German_Edition).json	9	0	0	0	12	21
000199_G._F._Unger_Sonder-Edition_-_Folge_015__La_-_Unger,_G._F_.json	12	0	0	0	10	22
000200_G._F._Unger_Sonder-Edition_-_Folge_015__Last_Chance_Camp_(German_Edition).json	12	0	0	0	10	22
000201_G._F._Unger_Sonder-Edition_-_Folge_016__Bu_-_Unger,_G._F_.json	15	0	0	0	12	27
000202_G._F._Unger_Sonder-Edition_-_Folge_016__Büffeltöter_(German_Edition).json	15	0	0	0	12	27
000203_G._F._Unger_Sonder-Edition_-_Folge_017__Sc_-_Unger,_G._F_.json	15	0	0	0	11	26
000204_G._F._Unger_Sonder-Edition_-_Folge_017__Scout-Ehre_(German_Edition).json	15	0	0	0	11	26
000205_G._F._Unger_Sonder-Edition_-_Folge_018__Bl_-_Unger,_G._F_.json	13	0	0	0	11	24
000206_G._F._Unger_Sonder-Edition_-_Folge_018__Blizzard-John_(German_Edition).json	13	0	0	0	11	24
000207_G._F._Unger_Sonder-Edition_-_Folge_019__Ei_-_Unger,_G._F_.json	14	0	0	0	12	26
000208_G._F._Unger_Sonder-Edition_-_Folge_019__Ein_Mann_wie_Kirby_(German_Edition).json	14	0	0	0	12	26
000209_G._F._Unger_Sonder-Edition_-_Folge_020__Ba_-_Unger,_G._F_.json	15	0	0	0	12	27
000210_G._F._Unger_Sonder-Edition_-_Folge_020__Bandoleros_(German_Edition).json	15	0	0	0	12	27
000211_G.F._Barner_-_1_-_E-Book_1-50_-_Barner,_G.F_.json	0	988	0	0	109	1097
000212_G.F._Unger_Sonder-Edition_-_Folge_187_-_G.F._Unger.json	0	0	0	1	6	7
000213_Garbera_Julia-Collection-Band-70_9783733703271.json	36	0	0	0	8	44
000214_Garbera_Nur-fuer-eine-heisse-Nacht__9783954467198.json	7	0	0	0	3	10
000215_Gaslicht_-_Neue_Edition_-_1_-_Wenn_der_Fah_-_Shadow,_Regina.json	0	40	0	0	9	49
000216_Gekusst_von_einem_Scheich___Kei_-_Lynn_Raye_Harris___Carole_Morti.json	42	0	0	0	7	49
000217_Gekusst_von_einem_Scheich___Keine_Chance_f_-_Lynn_Raye_Harris___Carole_Mortimer___Linds.json	42	0	0	0	7	49
000218_Gianna_Julia-Aerzte-zum-Verlieben-Band_9783733715618.json	35	0	0	0	8	43
000219_Gold_Collection-Baccara-Band-355_9783733722562.json	32	0	0	0	10	42
000220_Gordon_Die-schoensten-Liebesromane-der_9783733729660.json	149	0	0	0	33	182
000221_Gordon_Romana-Herzensbrecher-Band-2_9783733744700.json	34	0	0	0	6	40
000222_Graham_Baccara-Spezial-Band-3_9783733725983.json	52	0	0	0	8	60
000223_Graham_Die-Milliardaer-Kollektion---Se_9783733717667.json	64	0	0	0	25	89
000224_Graham_Julia-Extra-379_9783733703967.json	50	0	0	0	9	59
000225_Green_Braut-nur-nach-Freigabe_---5-t_9783733738167.json	59	0	0	0	21	80
000226_Greene_Bianca-Extra-Band-6_9783733732264.json	47	0	0	0	8	55
000227_Greene_Collection-Baccara-Band-362_9783733722685.json	37	0	0	0	9	46
000228_Gregor_Fuersten-Roman-2576_9783732580378.json	0	0	15	0	6	21
000229_Gregor_Fuersten-Roman-2577_9783732581320.json	0	0	17	0	6	23
000230_Gregor_Fuersten-Roman-2636_9783751719766.json	0	0	39	0	6	45
000231_Hahn_Maddrax-317_9783838716992.json	0	0	24	0	10	34
000232_Halberg_Fuersten-Roman-2583_9783732584604.json	0	0	14	0	6	20
000233_Halberg_Fuersten-Roman-2612_9783751704663.json	0	0	17	0	6	23
000234_Hardy_Julia-Aerzte-zum-Verlieben-Band_9783751501637.json	31	0	0	0	8	39
000235_Hardy_Julia-Extra-Band-382_9783733704049.json	50	0	0	0	10	60
000236_Harlen_Reigning-Men---Sechs-Prinzen-f_9783733737863.json	78	0	0	0	23	101
000237_Harry_Potter_und_der_Halbblutprinz_-_J.K._Rowling.json	1	0	0	0	38	39
000238_Hathaway_Der-Geisterjaeger-Jubilaeumsbox-_9783740927158.json	0	0	0	0	28	28
000239_Hathaway_Der-Geisterjaeger-Jubilaeumsbox-_9783740928179.json	0	0	0	0	22	22
000240_Hathaway_Der-Geisterjaeger-Jubilaeumsbox-_9783740929466.json	0	262	0	0	16	278
000241_Hathaway_Der-Geisterjaeger-Jubilaeumsbox-_9783740931629.json	0	189	0	0	16	205
000242_Heaton_Julia-Aerzte-zum-Verlieben-Band_9783751501590.json	37	0	0	0	9	46
000243_Hebel_Der-Bundesbulle-3---Krimi-Seri_9783732538201.json	0	0	0	1	11	12
000244_Hedwig_Courths-Mahler_-_Folge_050_-_Hedwig_Courths-Mahler.json	0	16	0	0	6	22
000245_Heisser_Sex_am_ersten_Tag_-_Karen_Kendall.json	30	0	0	0	10	40
000246_Hellberg_Alpengold-345_9783751710466.json	0	24	0	0	6	30
000247_Hewitt_Die-Milliardaer-Kollektion---Se_9783733717667.json	64	0	0	0	25	89
000248_Hewitt_The-Bryants---Maechtig-und-stol_9783733737856.json	36	0	0	0	13	49
000249_Heyden_Fuersten-Roman-2585_9783732586820.json	0	0	17	0	6	23
000250_Hochzeit_mit_dem_Boss_-_Cara_Colter,_Susan_Meier.json	43	0	0	0	18	61
000251_Hochzeit_im_Schloss_der_Prinzen.json	45	0	0	0	8	53
000252_Hoffmann_Tiffany-Extra-Hot-_-Sexy-Band-_9783733752705.json	51	0	0	0	10	61
000253_Hoffmann_Tiffany-Extra-Hot-_-Sexy-Band-_9783733752859.json	40	0	0	0	10	50
000254_Hoffmann_Tiffany-Extra-Hot-_-Sexy-Band-_9783733752880.json	41	0	0	0	12	53
000255_Hoffmann_Tiffany-Extra-Hot-_-Sexy-Band-_9783733752897.json	51	0	0	0	11	62
000256_Hoffmann_Tiffany-Extra-Hot-_-Sexy-Band-_9783733752910.json	48	0	0	0	10	58
000257_Hoffmann_Tiffany-Extra-Hot-_-Sexy-Band-_9783733753856.json	51	0	0	0	12	63
000258_Hoffmann_Tiffany-Extra-Hot-_-Sexy-Band-_9783733753863.json	53	0	0	0	14	67
000259_Hohlbein_Hohlbein-Classics---Der-Meiste_9783732514335.json	0	21	0	0	9	30
000260_Hollis_Romana-Jubilaeum-Band-3_9783733743918.json	35	0	0	0	7	42
000261_Hollister_H.C.-Hollister-35---Western_9783751711883.json	0	0	0	1	6	7
000262_Hudson_Bianca-Extra-Band-7_9783733732288.json	39	0	0	0	9	48
000263_Hudson_Bianca-Extra-Band-8_9783733732301.json	40	0	0	0	11	51
000264_Im_Bann_der_Diamanten_-_Zwei_Familien_zwis_-_Bronwyn_Jameson,_Tessa_Radley,_Maxine_Sull.json	65	0	0	0	20	85
000265_Im_Bann_der_Vampire_-_Emily_Blake.json	9	0	0	0	7	16
000266_Im_Liebesbann_des_Tycoons_-_Sharon_Kendrick,_Clare_Connelly,_Natalie_A.json	71	0	0	0	25	96
000267_Im_goldenen_Kafig_des_Italiener_-_Sharon_Kendrick.json	11	0	0	0	4	15
000268_Im_goldenen_Kafig_des_Italieners_-_Sharon_Kendrick.json	11	0	0	0	4	15
000269_Irrlicht_-_Box_2_-_E-Book_6-10_-_Autoren,_Diverse.json	0	0	0	0	25	25
000270_Irrlicht_-_Neue_Edition_-_4_-_Nur_das_Meer_-_Merling,_Maja.json	0	20	0	0	9	29
000271_JULIA_COLLECTION_BAND_70_-_Katherine_Garbera.json	36	0	0	0	8	44
000272_JULIA_EXTRA_368_-_Maisey_Yates,_Stephanie_Bond,_F.json	44	0	0	0	9	53
000273_JULIA_EXTRA_368_-_Maisey_Yates,_Stephanie_Bond,_Fiona_McArth.json	44	0	0	0	9	53
000274_JULIA_EXTRA_BAND_365_-_Lynne_Graham,_Maisey_Yates,_Car.json	44	0	0	0	9	53
000275_JULIA_EXTRA_BAND_365_-_Lynne_Graham,_Maisey_Yates,_Carole_Mortime.json	44	0	0	0	9	53
000276_JULIA_EXTRA_BAND_372_-_Natalie_Anderson,_Alison_Roberts,_Shirley_.json	43	0	0	0	10	53
000277_JULIA_EXTRA_BAND_378_-_Lynne_Graham,_Sharon_Kendrick,_.json	49	0	0	0	11	60
000278_JULIA_EXTRA_BAND_378_-_Lynne_Graham,_Sharon_Kendrick,_Leah_Ashton.json	49	0	0	0	11	60
000279_JULIA_EXTRA_BAND_381_-_Emma_Darcy,_Kim_Lawrence,_Susan_Stephens,_.json	55	0	0	0	11	66
000280_JULIA_EXTRA_BAND_381_-_Emma_Darcy,_Kim_Lawrence,_Susan.json	55	0	0	0	11	66
000281_JULIA_EXTRA_BAND_392_-_Sarah_Morgan,_Jennie_Lucas,_Car.json	41	0	0	0	9	50
000282_JULIA_EXTRA_BAND_392_-_Sarah_Morgan,_Jennie_Lucas,_Carole_Mortime.json	41	0	0	0	9	50
000283_JULIA_EXTRA_BAND_394_-_Carole_Mortimer,_Louisa_George,_Michelle_S.json	55	0	0	0	12	67
000284_JULIA_EXTRA_BAND_394_-_Carole_Mortimer,_Louisa_George,.json	55	0	0	0	12	67
000285_JULIA_EXTRA_BAND_396_-_Michelle_Smart,_Nicola_Marsh,_L.json	46	0	0	0	11	57
000286_JULIA_EXTRA_BAND_396_-_Michelle_Smart,_Nicola_Marsh,_Lynn_Raye_Ha.json	46	0	0	0	11	57
000287_JULIA_EXTRA_BAND_398_-_Lynne_Graham,_Lynn_Raye_Harris,_Maggie_Cox.json	47	0	0	0	11	58
000288_JULIA_EXTRA_BAND_398_-_Lynne_Graham,_Lynn_Raye_Harris,.json	47	0	0	0	11	58
000289_JULIA_EXTRA_BAND_399_-_Lynne_Graham,_Charlotte_Phillip.json	46	0	0	0	9	55
000290_JULIA_EXTRA_BAND_399_-_Lynne_Graham,_Charlotte_Phillips,_Janette_.json	46	0	0	0	9	55
000291_JULIA_EXTRA_BAND_400_-_Lynne_Graham,_Fiona_Harper,_Mir.json	50	0	0	0	10	60
000292_JULIA_EXTRA_BAND_400_-_Lynne_Graham,_Fiona_Harper,_Miranda_Lee,_R.json	50	0	0	0	10	60
000293_JULIA_EXTRA_BAND_402_-_Michelle_Conder,_Connie_Cox,_Te.json	43	0	0	0	10	53
000294_JULIA_EXTRA_BAND_402_-_Michelle_Conder,_Connie_Cox,_Teresa_Southw.json	43	0	0	0	10	53
000295_JULIA_EXTRA_BAND_403_-_Sharon_Kendrick,_Cathy_Williams,_Jessica_G.json	50	0	0	0	10	60
000296_JULIA_EXTRA_BAND_403_-_Sharon_Kendrick,_Cathy_Williams.json	50	0	0	0	10	60
000297_JULIA_EXTRA_BAND_404_-_Carol_Marinelli,_Caroline_Ander.json	60	0	0	0	11	71
000298_JULIA_EXTRA_BAND_404_-_Carol_Marinelli,_Caroline_Anderson,_Tara_P.json	60	0	0	0	11	71
000299_JULIA_EXTRA_BAND_405_-_Melanie_Milburne,_Sara_Craven,_.json	43	0	0	0	8	51
000300_JULIA_EXTRA_BAND_405_-_Melanie_Milburne,_Sara_Craven,_Caitlin_Cre.json	43	0	0	0	8	51
000301_JULIA_EXTRA_BAND_406_-_Jennifer_Faye,_Cara_Colter,_Kat.json	43	0	0	0	11	54
000302_JULIA_EXTRA_BAND_406_-_Jennifer_Faye,_Cara_Colter,_Kate_Hardy,_Lu.json	43	0	0	0	11	54
000303_JULIA_EXTRA_BAND_408_-_Cathy_Williams,_Kate_Hewitt,_Ca.json	40	0	0	0	9	49
000304_JULIA_EXTRA_BAND_408_-_Cathy_Williams,_Kate_Hewitt,_Carole_Mortim.json	40	0	0	0	9	49
000305_JULIA_EXTRA_BAND_409_-_Sharon_Kendrick,_Kate_Hewitt,_C.json	55	0	0	0	10	65
000306_JULIA_EXTRA_BAND_409_-_Sharon_Kendrick,_Kate_Hewitt,_Carole_Morti.json	55	0	0	0	10	65
000307_JULIA_EXTRA_BAND_410_-_Carol_Marinelli,_Fiona_Brand,_J.json	53	0	0	0	11	64
000308_JULIA_EXTRA_BAND_410_-_Carol_Marinelli,_Fiona_Brand,_Jennifer_Tay.json	53	0	0	0	11	64
000309_JULIA_EXTRA_BAND_411_-_Sharon_Kendrick,_Cathy_Williams,_Annie_Wes.json	49	0	0	0	10	59
000310_JULIA_EXTRA_BAND_411_-_Sharon_Kendrick,_Cathy_Williams.json	49	0	0	0	10	59
000311_JULIA_EXTRA_BAND_412_-_Michelle_Smart,_Lynne_Graham,_J.json	49	0	0	0	9	58
000312_JULIA_EXTRA_BAND_412_-_Michelle_Smart,_Lynne_Graham,_Jennifer_Hay.json	49	0	0	0	9	58
000313_JULIA_EXTRA_BAND_413_-_Lynne_Graham,_Jennifer_Hayward,_Kate_Hardy.json	49	0	0	0	10	59
000314_JULIA_EXTRA_BAND_413_-_Lynne_Graham,_Jennifer_Hayward,.json	49	0	0	0	10	59
000315_JULIA_EXTRA_BAND_416_-_Lynne_Graham,_Kate_Hewitt,_Shar.json	42	0	0	0	10	52
000316_JULIA_EXTRA_BAND_416_-_Lynne_Graham,_Kate_Hewitt,_Sharon_Kendrick.json	42	0	0	0	10	52
000317_JULIA_EXTRA_BAND_417_-_Lynne_Graham,_Carol_Marinelli,_.json	46	0	0	0	10	56
000318_JULIA_EXTRA_BAND_417_-_Lynne_Graham,_Carol_Marinelli,_Chantalle_S.json	46	0	0	0	10	56
000319_JULIA_EXTRA_BAND_418_-_Carol_Marinelli,_Susanna_Carr,_.json	50	0	0	0	11	61
000320_JULIA_EXTRA_BAND_418_-_Carol_Marinelli,_Susanna_Carr,_Chantelle_S.json	50	0	0	0	11	61
000321_JULIA_EXTRA_BAND_419_-_Sophie_Pembroke,_Kat_Cantrell,_.json	52	0	0	0	11	63
000322_JULIA_EXTRA_BAND_419_-_Sophie_Pembroke,_Kat_Cantrell,_Michelle_Co.json	52	0	0	0	11	63
000323_JULIA_EXTRA_BAND_420_-_Dani_Collins,_Cathy_Williams,_C.json	42	0	0	0	8	50
000324_JULIA_EXTRA_BAND_420_-_Dani_Collins,_Cathy_Williams,_Chantelle_Sh.json	42	0	0	0	8	50
000325_JULIA_EXTRA,_BAND_314_-_Maggie_Cox,_Lucy_Monroe,_Kathry.json	44	0	0	0	13	57
000326_JULIA_EXTRA,_BAND_314_-_Maggie_Cox,_Lucy_Monroe,_Kathryn_Ross,_Car.json	44	0	0	0	13	57
000327_JULIA_EXTRA,_BAND_348_-_Sandra_Marton,_Lynn_Raye_Harris,_Sharon_Ke.json	52	0	0	0	9	61
000328_JULIA_EXTRA,_BAND_348_-_Sandra_Marton,_Lynn_Raye_Harris.json	52	0	0	0	9	61
000329_JULIA_EXTRA,_BAND_358_-_Penny_Jordan,_Lucy_Monroe,_Chri.json	43	0	0	0	12	55
000330_JULIA_EXTRA,_BAND_358_-_Penny_Jordan,_Lucy_Monroe,_Christina_Holli.json	43	0	0	0	12	55
000331_JULIA_EXTRA,_BAND_360_-_Melanie_Milburne,_Carol_Marinel.json	50	0	0	0	10	60
000332_JULIA_EXTRA,_BAND_360_-_Melanie_Milburne,_Carol_Marinelli,_Susan_S.json	50	0	0	0	10	60
000333_JULIA_PRASENTIERT_ARZTE_ZUM_VERLIEBEN_BAND_-_Caroline_Anderson,_Deanne_Anders,_Alison_R.json	31	0	0	0	10	41
000334_JULIA_PRASENTIERT_ARZTE_ZUM_VERLIEBEN_BAND_-_Caroline_Anderson,_Janice_Lynn,_Annie_Clay.json	35	0	0	0	10	45
000335_Jackson_Collection-Baccara-Band-363_9783733722692.json	36	0	0	0	9	45
000336_James_Baccara-Spezial-Band-5_9783733729264.json	45	0	0	0	9	54
000337_Jene_Nacht_in_Paris_-_Muriel_Jensen.json	33	0	0	0	10	43
000338_Jensen_Collection-Baccara-Band-364_9783733723262.json	32	0	0	0	8	40
000339_Jerry_Cotton_-_Folge_1_-_Jerry_Cotton.json	0	19	0	0	5	24
000340_Jerry_Cotton_-_Folge_2903__Das_-_Cotton,_Jerry.json	0	32	0	0	11	43
000341_Jerry_Cotton_-_Folge_3051__Zeit_-_Cotton,_Jerry.json	1	32	0	0	7	40
000342_Jerry_Cotton_-_Folge_3051__Zeit_-_Jerry_Cotton.json	0	32	0	0	9	41
000343_Jerry_Cotton_-_Folge_3067__Mit_-_Cotton,_Jerry.json	1	34	0	0	7	42
000344_Jerry_Cotton_-_Folge_3067__Mit_-_Jerry_Cotton.json	0	34	0	0	9	43
000345_Jerry_Cotton_-_Folge_3082__Vom_-_Cotton,_Jerry.json	1	34	0	0	7	42
000346_Jerry_Cotton_-_Folge_3082__Vom_-_Jerry_Cotton.json	0	34	0	0	9	43
000347_Jerry_Cotton_-_Folge_3083__Verw_-_Cotton,_Jerry.json	1	44	0	0	7	52
000348_Jerry_Cotton_-_Folge_3083__Verw_-_Jerry_Cotton.json	0	44	0	0	9	53
000349_Jerry_Cotton_-_Folge_3083__Verwischte_Spur_-_Jerry_Cotton.json	0	44	0	0	9	53
000350_Jerry_Cotton_-_Folge_3084__Gest_-_Cotton,_Jerry.json	1	28	0	0	7	36
000351_Jerry_Cotton_-_Folge_3086__Bomb_-_Cotton,_Jerry.json	1	28	0	0	7	36
000352_Jerry_Cotton_-_Folge_3087__Der_-_Cotton,_Jerry.json	1	32	0	0	7	40
000353_Jerry_Cotton_-_Folge_3088__Todl_-_Cotton,_Jerry.json	1	30	0	0	7	38
000354_Jerry_Cotton_-_Folge_3089__Der_-_Cotton,_Jerry.json	1	35	0	0	7	43
000355_Jerry_Cotton_-_Folge_3089__Der_-_Jerry_Cotton.json	0	35	0	0	9	44
000356_Jerry_Cotton_Sammelband_1_-_Kri_-_Jerry_Cotton.json	0	181	0	5	22	208
000357_Jerry_Cotton_Sammelband_1_-_Krimi-Serie_-_Jerry_Cotton.json	0	181	0	0	25	206
000358_Jerry_Cotton_Sammelband_1_-_Krimi-Serie.json	0	181	0	0	25	206
000359_Jerry_Cotton_Sammelband_1_-_Krimi-Serie__5_-_Jerry_Cotton.json	0	181	0	5	22	208
000360_Jerry_Cotton_Sammelband_10_-_Krimi-Serie_-_Jerry_Cotton.json	0	181	0	0	25	206
000361_Jerry_Cotton_Sammelband_10_-_Krimi-Serie.json	0	181	0	0	25	206
000362_Jerry_Cotton_Sammelband_11_-_Krimi-Serie_-_Jerry_Cotton.json	0	192	0	0	25	217
000363_Jerry_Cotton_Sammelband_11_-_Krimi-Serie.json	0	192	0	0	25	217
000364_Jerry_Cotton_Sammelband_12_-_Krimi-Serie_-_Jerry_Cotton.json	0	215	0	0	25	240
000365_Jerry_Cotton_Sammelband_12_-_Krimi-Serie.json	0	215	0	0	25	240
000366_Jerry_Cotton_Sammelband_2_-_Kri_-_Jerry_Cotton.json	1	184	0	5	21	211
000367_Jerry_Cotton_Sammelband_2_-_Krimi-Serie_-_Jerry_Cotton.json	2	140	0	0	24	166
000368_Jerry_Cotton_Sammelband_2_-_Krimi-Serie(1).json	2	140	0	0	24	166
000369_Jerry_Cotton_Sammelband_2_-_Krimi-Serie.json	2	140	0	0	24	166
000370_Jerry_Cotton_Sammelband_2_-_Krimi-Serie__5_-_Jerry_Cotton.json	1	184	0	5	21	211
000371_Jerry_Cotton_Sammelband_3_-_Krimi-Serie_-_Jerry_Cotton.json	0	171	0	0	25	196
000372_Jerry_Cotton_Sammelband_3_-_Krimi-Serie.json	0	171	0	0	25	196
000373_Jerry_Cotton_Sammelband_4_-_Krimi-Serie_-_Jerry_Cotton.json	0	169	0	0	25	194
000374_Jerry_Cotton_Sammelband_4_-_Krimi-Serie.json	0	169	0	0	25	194
000375_Jerry_Cotton_Sammelband_5_-_Krimi-Serie_-_Jerry_Cotton.json	0	187	0	0	25	212
000376_Jerry_Cotton_Sammelband_5_-_Krimi-Serie.json	0	187	0	0	25	212
000377_Jerry_Cotton_Sammelband_6_-_Krimi-Serie_-_Jerry_Cotton.json	0	199	0	0	25	224
000378_Jerry_Cotton_Sammelband_6_-_Krimi-Serie.json	0	199	0	0	25	224
000379_Jerry_Cotton_Sammelband_7_-_Krimi-Serie_-_Jerry_Cotton.json	0	169	0	0	25	194
000380_Jerry_Cotton_Sammelband_7_-_Krimi-Serie.json	0	169	0	0	25	194
000381_Jerry_Cotton_Sammelband_8_-_Krimi-Serie_-_Jerry_Cotton.json	0	171	0	0	25	196
000382_Jerry_Cotton_Sammelband_8_-_Krimi-Serie.json	0	171	0	0	25	196
000383_Jerry_Cotton_Sammelband_9_-_Krimi-Serie_-_Jerry_Cotton.json	0	188	0	0	25	213
000384_Jerry_Cotton_Sammelband_9_-_Krimi-Serie.json	0	188	0	0	25	213
000385_Jerry_Cotton_Sonder-Edition_-_F_-_Cotton,_Jerry0.json	10	0	0	0	7	17
000386_Jerry_Cotton_Sonder-Edition_-_F_-_Cotton,_Jerry1.json	12	0	0	0	7	19
000387_Jerry_Cotton_Sonder-Edition_-_F_-_Cotton,_Jerry10.json	12	0	0	0	7	19
000388_Jerry_Cotton_Sonder-Edition_-_F_-_Cotton,_Jerry11.json	14	0	0	0	10	24
000389_Jerry_Cotton_Sonder-Edition_-_F_-_Cotton,_Jerry12.json	14	0	0	0	7	21
000390_Jerry_Cotton_Sonder-Edition_-_F_-_Cotton,_Jerry13.json	16	0	0	0	7	23
000391_Jerry_Cotton_Sonder-Edition_-_F_-_Cotton,_Jerry14.json	12	0	0	0	7	19
000392_Jerry_Cotton_Sonder-Edition_-_F_-_Cotton,_Jerry15.json	14	0	0	0	7	21
000393_Jerry_Cotton_Sonder-Edition_-_F_-_Cotton,_Jerry16.json	12	0	0	0	7	19
000394_Jerry_Cotton_Sonder-Edition_-_F_-_Cotton,_Jerry17.json	15	0	0	0	7	22
000395_Jerry_Cotton_Sonder-Edition_-_F_-_Cotton,_Jerry18.json	11	0	0	0	7	18
000396_Jerry_Cotton_Sonder-Edition_-_F_-_Cotton,_Jerry19.json	16	0	0	0	7	23
000397_Jerry_Cotton_Sonder-Edition_-_F_-_Cotton,_Jerry2.json	12	0	0	0	7	19
000398_Jerry_Cotton_Sonder-Edition_-_F_-_Cotton,_Jerry20.json	16	0	0	0	7	23
000399_Jerry_Cotton_Sonder-Edition_-_F_-_Cotton,_Jerry21.json	15	0	0	0	7	22
000400_Jerry_Cotton_Sonder-Edition_-_F_-_Cotton,_Jerry22.json	16	0	0	0	7	23
000401_Jerry_Cotton_Sonder-Edition_-_F_-_Cotton,_Jerry23.json	18	0	0	0	7	25
000402_Jerry_Cotton_Sonder-Edition_-_F_-_Cotton,_Jerry24.json	18	0	0	0	10	28
000403_Jerry_Cotton_Sonder-Edition_-_F_-_Cotton,_Jerry25.json	15	0	0	0	7	22
000404_Jerry_Cotton_Sonder-Edition_-_F_-_Cotton,_Jerry26.json	19	0	0	0	7	26
000405_Jerry_Cotton_Sonder-Edition_-_F_-_Cotton,_Jerry27.json	18	0	0	0	11	29
000406_Jerry_Cotton_Sonder-Edition_-_F_-_Cotton,_Jerry28.json	21	0	0	0	8	29
000407_Jerry_Cotton_Sonder-Edition_-_F_-_Cotton,_Jerry29.json	24	3	0	0	7	34
000408_Jerry_Cotton_Sonder-Edition_-_F_-_Cotton,_Jerry3.json	11	0	0	0	7	18
000409_Jerry_Cotton_Sonder-Edition_-_F_-_Cotton,_Jerry30.json	15	0	0	0	7	22
000410_Jerry_Cotton_Sonder-Edition_-_F_-_Cotton,_Jerry31.json	14	0	0	0	7	21
000411_Jerry_Cotton_Sonder-Edition_-_F_-_Cotton,_Jerry32.json	13	0	0	0	9	22
000412_Jerry_Cotton_Sonder-Edition_-_F_-_Cotton,_Jerry33.json	10	0	0	0	9	19
000413_Jerry_Cotton_Sonder-Edition_-_F_-_Cotton,_Jerry34.json	9	0	0	0	9	18
000414_Jerry_Cotton_Sonder-Edition_-_F_-_Cotton,_Jerry35.json	11	0	0	0	9	20
000415_Jerry_Cotton_Sonder-Edition_-_F_-_Cotton,_Jerry36.json	13	0	0	0	9	22
000416_Jerry_Cotton_Sonder-Edition_-_F_-_Cotton,_Jerry37.json	13	0	0	0	9	22
000417_Jerry_Cotton_Sonder-Edition_-_F_-_Cotton,_Jerry38.json	15	0	0	0	9	24
000418_Jerry_Cotton_Sonder-Edition_-_F_-_Cotton,_Jerry39.json	11	0	0	0	9	20
000419_Jerry_Cotton_Sonder-Edition_-_F_-_Cotton,_Jerry4.json	13	0	0	0	7	20
000420_Jerry_Cotton_Sonder-Edition_-_F_-_Cotton,_Jerry40.json	13	0	0	0	9	22
000421_Jerry_Cotton_Sonder-Edition_-_F_-_Cotton,_Jerry41.json	10	0	0	0	6	16
000422_Jerry_Cotton_Sonder-Edition_-_F_-_Cotton,_Jerry42.json	10	0	0	0	9	19
000423_Jerry_Cotton_Sonder-Edition_-_F_-_Cotton,_Jerry43.json	10	0	0	0	9	19
000424_Jerry_Cotton_Sonder-Edition_-_F_-_Cotton,_Jerry44.json	9	0	0	0	9	18
000425_Jerry_Cotton_Sonder-Edition_-_F_-_Cotton,_Jerry45.json	10	0	0	0	9	19
000426_Jerry_Cotton_Sonder-Edition_-_F_-_Cotton,_Jerry46.json	6	0	0	0	9	15
000427_Jerry_Cotton_Sonder-Edition_-_F_-_Cotton,_Jerry47.json	12	0	0	0	9	21
000428_Jerry_Cotton_Sonder-Edition_-_F_-_Cotton,_Jerry48.json	9	0	0	0	9	18
000429_Jerry_Cotton_Sonder-Edition_-_F_-_Cotton,_Jerry49.json	8	0	0	0	9	17
000430_Jerry_Cotton_Sonder-Edition_-_F_-_Cotton,_Jerry5.json	13	0	0	0	7	20
000431_Jerry_Cotton_Sonder-Edition_-_F_-_Cotton,_Jerry50.json	10	0	0	0	9	19
000432_Jerry_Cotton_Sonder-Edition_-_F_-_Cotton,_Jerry51.json	10	0	0	0	10	20
000433_Jerry_Cotton_Sonder-Edition_-_F_-_Cotton,_Jerry52.json	11	0	0	0	10	21
000434_Jerry_Cotton_Sonder-Edition_-_F_-_Cotton,_Jerry53.json	13	0	0	0	7	20
000435_Jerry_Cotton_Sonder-Edition_-_F_-_Cotton,_Jerry54.json	12	0	0	0	7	19
000436_Jerry_Cotton_Sonder-Edition_-_F_-_Cotton,_Jerry6.json	10	0	0	0	7	17
000437_Jerry_Cotton_Sonder-Edition_-_F_-_Cotton,_Jerry7.json	11	0	0	0	7	18
000438_Jerry_Cotton_Sonder-Edition_-_F_-_Cotton,_Jerry8.json	14	0	0	0	7	21
000439_Jerry_Cotton_Sonder-Edition_-_F_-_Cotton,_Jerry9.json	15	0	0	0	7	22
000440_Jerry_Cotton_Sonder-Edition_-_F_-_Jerry_Cotton55.json	13	0	0	0	9	22
000441_Jerry_Cotton_Sonder-Edition_-_F_-_Jerry_Cotton56.json	14	0	0	0	9	23
000442_John_Sinclair_-_Folge_0001_-_Jason_Dark.json	0	26	0	0	10	36
000443_John_Sinclair_-_Folge_0002_-_Jason_Dark.json	0	25	0	0	10	35
000444_John_Sinclair_-_Folge_0003_-_Jason_Dark.json	0	32	0	0	10	42
000445_John_Sinclair_-_Folge_0004_-_Jason_Dark.json	0	27	0	0	10	37
000446_John_Sinclair_-_Folge_0005_-_Jason_Dark.json	0	26	0	0	9	35
000447_John_Sinclair_-_Folge_0006_-_Jason_Dark.json	0	35	0	0	9	44
000448_John_Sinclair_-_Folge_0007_-_Jason_Dark.json	0	28	0	0	10	38
000449_John_Sinclair_-_Folge_0008_-_Jason_Dark.json	0	21	0	0	9	30
000450_John_Sinclair_-_Folge_0010_-_Jason_Dark.json	0	21	0	0	9	30
000451_John_Sinclair_-_Folge_0011_-_Jason_Dark.json	0	23	0	0	10	33
000452_John_Sinclair_-_Folge_0012_-_Jason_Dark.json	0	30	0	0	10	40
000453_John_Sinclair_-_Folge_0013_-_Jason_Dark.json	0	29	0	0	10	39
000454_John_Sinclair_-_Folge_0014_-_Jason_Dark.json	0	27	0	0	10	37
000455_John_Sinclair_-_Folge_0015_-_Jason_Dark.json	0	18	0	0	9	27
000456_John_Sinclair_-_Folge_0016_-_Jason_Dark.json	0	26	0	0	10	36
000457_John_Sinclair_-_Folge_0017_-_Jason_Dark.json	0	30	0	0	10	40
000458_John_Sinclair_-_Folge_0020_-_Jason_Dark.json	0	19	0	0	9	28
000459_John_Sinclair_-_Folge_0021_-_Jason_Dark.json	0	32	0	0	10	42
000460_John_Sinclair_-_Folge_0023_-_Jason_Dark.json	0	22	0	0	10	32
000461_John_Sinclair_-_Folge_0024_-_Jason_Dark.json	0	32	0	0	10	42
000462_John_Sinclair_-_Folge_0025_-_Jason_Dark.json	0	30	0	0	9	39
000463_John_Sinclair_-_Folge_0026_-_Jason_Dark.json	0	33	0	0	10	43
000464_John_Sinclair_-_Folge_0028_-_Jason_Dark.json	0	21	0	0	9	30
000465_John_Sinclair_-_Folge_0029_-_Jason_Dark.json	0	36	0	0	10	46
000466_John_Sinclair_-_Folge_003_-_Jason_Dark.json	0	45	0	0	6	51
000467_John_Sinclair_-_Folge_0030_-_Jason_Dark.json	0	31	0	0	10	41
000468_John_Sinclair_-_Folge_0031_-_Jason_Dark.json	0	35	0	0	10	45
000469_John_Sinclair_-_Folge_0032_-_Jason_Dark.json	0	32	0	0	9	41
000470_John_Sinclair_-_Folge_0033_-_Jason_Dark.json	0	24	0	0	9	33
000471_John_Sinclair_-_Folge_0034_-_Jason_Dark.json	0	26	0	0	10	36
000472_John_Sinclair_-_Folge_0035_-_Jason_Dark.json	0	27	0	0	10	37
000473_John_Sinclair_-_Folge_0037_-_Jason_Dark.json	0	21	0	0	10	31
000474_John_Sinclair_-_Folge_0038_-_Jason_Dark.json	0	24	0	0	10	34
000475_John_Sinclair_-_Folge_0039_-_Jason_Dark.json	0	27	0	0	9	36
000476_John_Sinclair_-_Folge_0040_-_Jason_Dark.json	0	25	0	0	9	34
000477_John_Sinclair_-_Folge_0041_-_Jason_Dark.json	0	45	0	0	9	54
000478_John_Sinclair_-_Folge_0042_-_Jason_Dark.json	0	29	0	0	10	39
000479_John_Sinclair_-_Folge_0043_-_Jason_Dark.json	0	23	0	0	9	32
000480_John_Sinclair_-_Folge_0044_-_Jason_Dark.json	0	30	0	0	10	40
000481_John_Sinclair_-_Folge_0045_-_Jason_Dark.json	0	26	0	0	10	36
000482_John_Sinclair_-_Folge_0046_-_Jason_Dark.json	0	40	0	0	9	49
000483_John_Sinclair_-_Folge_0049_-_Jason_Dark.json	0	43	0	0	9	52
000484_John_Sinclair_-_Folge_0050_-_Jason_Dark.json	0	24	0	0	10	34
000485_John_Sinclair_-_Folge_0700_-_Jason_Dark.json	1	0	0	0	9	10
000486_John_Sinclair_-_Folge_0701_-_Jason_Dark.json	1	0	0	0	9	10
000487_John_Sinclair_-_Folge_0702_-_Jason_Dark.json	1	18	0	0	9	28
000488_John_Sinclair_-_Folge_0703_-_Jason_Dark.json	0	19	0	0	8	27
000489_John_Sinclair_-_Folge_0704_-_Jason_Dark.json	1	0	0	0	9	10
000490_John_Sinclair_-_Folge_0705_-_Jason_Dark.json	1	0	0	0	9	10
000491_John_Sinclair_-_Folge_0707_-_Jason_Dark.json	0	18	0	0	9	27
000492_John_Sinclair_-_Folge_0708_-_Jason_Dark.json	1	0	0	0	9	10
000493_John_Sinclair_-_Folge_0709_-_Jason_Dark.json	1	0	0	0	9	10
000494_John_Sinclair_-_Folge_0710_-_Jason_Dark.json	1	0	0	0	8	9
000495_John_Sinclair_-_Folge_0712_-_Jason_Dark.json	0	17	0	0	8	25
000496_John_Sinclair_-_Folge_0713_-_Jason_Dark.json	0	23	0	0	8	31
000497_John_Sinclair_-_Folge_0714_-_Jason_Dark.json	0	18	0	0	8	26
000498_John_Sinclair_-_Folge_0715_-_Jason_Dark.json	0	25	0	0	9	34
000499_John_Sinclair_-_Folge_0716_-_Jason_Dark.json	0	21	0	0	8	29
000500_John_Sinclair_-_Folge_0717_-_Jason_Dark.json	0	20	0	0	9	29
000501_John_Sinclair_-_Folge_0718_-_Jason_Dark.json	0	21	0	0	8	29
000502_John_Sinclair_-_Folge_0719_-_Jason_Dark.json	0	22	0	0	8	30
000503_John_Sinclair_-_Folge_0720_-_Jason_Dark.json	0	26	0	0	9	35
000504_John_Sinclair_-_Folge_0721_-_Jason_Dark.json	1	0	0	0	8	9
000505_John_Sinclair_-_Folge_0722_-_Jason_Dark.json	1	0	0	0	9	10
000506_John_Sinclair_-_Folge_0723_-_Jason_Dark.json	0	0	0	0	10	10
000507_John_Sinclair_-_Folge_0724_-_Jason_Dark.json	1	0	0	0	8	9
000508_John_Sinclair_-_Folge_0725_-_Jason_Dark.json	1	0	0	0	8	9
000509_Julia_Extra,_Band_305_-_Sabrina_Philips,_Kate_Hewitt,_V.json	44	0	0	0	13	57
000510_Julia_Extra,_Band_305_-_Sabrina_Philips,_Kate_Hewitt,_Valerie_Parv.json	44	0	0	0	13	57
000511_Keller_Romana-Weihnachten-Band-21_9783751503464.json	32	0	0	0	7	39
000512_Kelly_Tiffany-Extra-Band-2_9783954465101.json	44	0	0	0	11	55
000513_Kelter_Barner.json	0	988	0	0	109	1097
000514_Kelter_Bergpfarrer.json	0	0	0	0	116	116
000515_Kelter_Hüttenwirt.json	0	666	0	0	106	772
000516_Kelter_Kinderärztin.json	0	32	0	0	154	186
000517_Kelter_Landdoktor.json	0	249	0	0	139	388
000518_Kelter_Norden.json	0	0	0	0	154	154
000519_Kendrick_Das-Herz-des-griechischen-Mill_9783733727321.json	42	0	0	0	16	58
000520_Kendrick_Julia-Extra-Band-370_9783954467396.json	50	0	0	0	11	61
000521_Kinderarztin_Dr._Martens_-_1_-_Paket_1_-_E_-_Frey,_Britta.json	0	32	0	0	154	186
000522_Kleine_Fürst_Kelter_1-50.json	0	0	0	0	116	116
000523_Konigliche_Verfuhrungen_-_Machtkampf_der_L_-_Michelle_Celmer.json	106	0	0	0	28	134
000524_Korff_Fuersten-Roman-2606_9783732599226.json	0	0	16	0	6	22
000525_Kufsteiner_Das-Berghotel---Folge-099_9783732519477.json	0	32	0	0	6	38
000526_Kufsteiner_Das-Berghotel-100_9783732519484.json	0	28	0	0	6	34
000527_Kufsteiner_Das-Berghotel-101_9783732519491.json	0	18	0	0	6	24
000528_Kufsteiner_Das-Berghotel-104_9783732522392.json	0	34	0	0	6	40
000529_Kufsteiner_Das-Berghotel-105_9783732522408.json	0	20	0	0	6	26
000530_Kufsteiner_Das-Berghotel-107_9783732525706.json	0	26	0	0	6	32
000531_Kufsteiner_Das-Berghotel-110_9783732526536.json	0	27	0	0	6	33
000532_Kufsteiner_Das-Berghotel-111_9783732526543.json	0	31	0	0	6	37
000533_Kufsteiner_Das-Berghotel-112_9783732528110.json	0	19	0	0	6	25
000534_Kufsteiner_Das-Berghotel-113_9783732528127.json	0	30	0	0	6	36
000535_Kufsteiner_Das-Berghotel-114_9783732529001.json	0	21	0	0	6	27
000536_Kufsteiner_Das-Berghotel-119_9783732532490.json	0	30	0	0	6	36
000537_Kufsteiner_Das-Berghotel-128_9783732539109.json	0	19	0	0	6	25
000538_Kufsteiner_Das-Berghotel-130_9783732540969.json	0	20	0	0	6	26
000539_Kufsteiner_Das-Berghotel-131_9783732540976.json	0	24	0	0	6	30
000540_Kufsteiner_Das-Berghotel-132_9783732542468.json	0	17	0	0	6	23
000541_Kufsteiner_Das-Berghotel-133_9783732542475.json	0	25	0	0	6	31
000542_Kufsteiner_Das-Berghotel-138_9783732545902.json	0	20	0	0	6	26
000543_Kufsteiner_Das-Berghotel-140_9783732546695.json	0	18	0	0	6	24
000544_Kufsteiner_Das-Berghotel-141_9783732546701.json	0	26	0	0	6	32
000545_Kufsteiner_Das-Berghotel-146_9783732551897.json	0	19	0	0	6	25
000546_Kufsteiner_Das-Berghotel-147_9783732551903.json	0	35	0	0	6	41
000547_Kufsteiner_Das-Berghotel-149_9783732552269.json	0	39	0	0	6	45
000548_Kufsteiner_Das-Berghotel-150_9783732554577.json	0	11	0	0	6	17
000549_Kufsteiner_Das-Berghotel-151_9783732554584.json	0	28	0	0	6	34
000550_Kufsteiner_Das-Berghotel-152_9783732554898.json	0	17	0	0	6	23
000551_Kufsteiner_Das-Berghotel-153_9783732554904.json	0	31	0	0	6	37
000552_Kufsteiner_Das-Berghotel-154_9783732556915.json	0	20	0	0	6	26
000553_Kufsteiner_Das-Berghotel-155_9783732556922.json	0	33	0	0	7	40
000554_Kufsteiner_Das-Berghotel-156_9783732557981.json	0	16	0	0	6	22
000555_Kufsteiner_Das-Berghotel-157_9783732557998.json	0	34	0	0	6	40
000556_Kufsteiner_Das-Berghotel-158_9783732559893.json	0	19	0	0	6	25
000557_Kufsteiner_Das-Berghotel-159_9783732559909.json	0	38	0	0	6	44
000558_Kufsteiner_Das-Berghotel-160_9783732560219.json	0	19	0	0	6	25
000559_Kufsteiner_Das-Berghotel-161_9783732560226.json	0	20	0	0	6	26
000560_Kufsteiner_Das-Berghotel-167_9783732564651.json	0	25	0	0	6	31
000561_Kufsteiner_Das-Berghotel-170_9783732565603.json	0	18	0	0	6	24
000562_Kufsteiner_Das-Berghotel-178_9783732571734.json	0	18	0	0	6	24
000563_Kufsteiner_Das-Berghotel-190_9783732579303.json	0	31	0	0	6	37
000564_Kufsteiner_Das-Berghotel-194_9783732581184.json	0	24	0	0	6	30
000565_Kufsteiner_Das-Berghotel-202_9783732586646.json	0	13	0	0	6	19
000566_Kufsteiner_Das-Berghotel-203_9783732586653.json	0	22	0	0	6	28
000567_Kufsteiner_Das-Berghotel-210---Heimatroma_9783732591732.json	0	25	0	0	6	31
000568_Kufsteiner_Das-Berghotel-210_9783732591732.json	0	25	0	0	6	31
000569_Kufsteiner_Das-Berghotel-211_9783732591749.json	0	30	0	0	6	36
000570_Kufsteiner_Das-Berghotel-228_9783751700184.json	0	24	0	0	6	30
000571_Kufsteiner_Das-Berghotel-255_9783751721905.json	0	28	0	0	6	34
000572_Kufsteiner_Das-Berghotel-256_9783751721912.json	0	45	0	0	6	51
000573_Kufsteiner_Das-Berghotel-257_9783751721929.json	1	0	0	0	6	7
000574_Kufsteiner_Das-Berghotel-96_9783732517732.json	0	19	0	0	6	25
000575_Kufsteiner_Das-Berghotel-97_9783732518258.json	0	36	0	0	6	42
000576_Kufsteiner_Das-Berghotel-98_9783732519460.json	0	19	0	0	6	25
000577_Kufsteiner_Der-Bergdoktor---Folge-1676_9783838749310.json	0	19	0	0	6	25
000578_Kufsteiner_Der-Bergdoktor---Folge-1677_9783838749327.json	0	15	0	0	6	21
000579_Kufsteiner_Der-Bergdoktor---Folge-1884_9783732552221.json	0	24	0	0	6	30
000580_Kufsteiner_Der-Bergdoktor-1675_9783838749303.json	0	20	0	0	6	26
000581_Kufsteiner_Der-Bergdoktor-1678_9783838749334.json	0	20	0	0	6	26
000582_Kufsteiner_Der-Bergdoktor-1679_9783838749341.json	0	18	0	0	6	24
000583_Kufsteiner_Der-Bergdoktor-1680_9783838749358.json	0	28	0	0	6	34
000584_Kufsteiner_Der-Bergdoktor-1681_9783838749365.json	0	19	0	0	6	25
000585_Kufsteiner_Der-Bergdoktor-1682_9783838749372.json	0	15	0	0	6	21
000586_Kufsteiner_Der-Bergdoktor-1683_9783838749389.json	0	18	0	0	6	24
000587_Kufsteiner_Der-Bergdoktor-1684_9783838749396.json	0	17	0	0	6	23
000588_Kufsteiner_Der-Bergdoktor-1686_9783838749419.json	0	21	0	0	6	27
000589_Kufsteiner_Der-Bergdoktor-1699_9783838754826.json	0	22	0	0	6	28
000590_Kufsteiner_Der-Bergdoktor-1700_9783838754833.json	0	15	0	0	6	21
000591_Kufsteiner_Der-Bergdoktor-1703_9783838755229.json	0	13	0	0	6	19
000592_Kufsteiner_Der-Bergdoktor-1705_9783838755243.json	0	24	0	0	6	30
000593_Kufsteiner_Der-Bergdoktor-1707_9783838755618.json	0	26	0	0	6	32
000594_Kufsteiner_Der-Bergdoktor-1708_9783838755625.json	0	20	0	0	6	26
000595_Kufsteiner_Der-Bergdoktor-1717_9783838757643.json	0	18	0	0	6	24
000596_Kufsteiner_Der-Bergdoktor-1726_9783838759647.json	0	21	0	0	6	27
000597_Kufsteiner_Der-Bergdoktor-1731_9783732502073.json	0	19	0	0	6	25
000598_Kufsteiner_Der-Bergdoktor-1735_9783732503353.json	0	19	0	0	6	25
000599_Kufsteiner_Der-Bergdoktor-1741_9783732504701.json	0	21	0	0	6	27
000600_Kufsteiner_Der-Bergdoktor-1743_9783732505340.json	0	20	0	0	6	26
000601_Kufsteiner_Der-Bergdoktor-1744_9783732505357.json	0	14	0	0	6	20
000602_Kufsteiner_Der-Bergdoktor-1745_9783732505364.json	0	20	0	0	6	26
000603_Kufsteiner_Der-Bergdoktor-1747_9783732507627.json	0	12	0	0	6	18
000604_Kufsteiner_Der-Bergdoktor-1752_9783732509591.json	0	20	0	0	6	26
000605_Kufsteiner_Der-Bergdoktor-1753_9783732509607.json	0	13	0	0	6	19
000606_Kufsteiner_Der-Bergdoktor-1757_9783732509645.json	0	26	0	0	6	32
000607_Kufsteiner_Der-Bergdoktor-1774_9783732516643.json	0	27	0	0	6	33
000608_Kufsteiner_Der-Bergdoktor-1783_9783732519194.json	0	20	0	0	6	26
000609_Kufsteiner_Der-Bergdoktor-1789_9783732519781.json	0	17	0	0	6	23
000610_Kufsteiner_Der-Bergdoktor-1813_9783732528097.json	0	21	0	0	6	27
000611_Kufsteiner_Der-Bergdoktor-1816_9783732528974.json	0	21	0	0	6	27
000612_Kufsteiner_Der-Bergdoktor-1820_9783732532148.json	0	21	0	0	6	27
000613_Kufsteiner_Der-Bergdoktor-1824_9783732532452.json	0	22	0	0	6	28
000614_Kufsteiner_Der-Bergdoktor-1832_9783732535668.json	0	18	0	0	6	24
000615_Kufsteiner_Der-Bergdoktor-1840_9783732537648.json	0	21	0	0	6	27
000616_Kufsteiner_Der-Bergdoktor-1855_9783732543939.json	0	18	0	0	6	24
000617_Kufsteiner_Der-Bergdoktor-1900_9783732557950.json	0	28	0	0	6	34
000618_Kufsteiner_Der-Bergdoktor-1901_9783732557967.json	0	22	0	0	6	28
000619_Kufsteiner_Der-Bergdoktor-1902_9783732557974.json	0	21	0	0	6	27
000620_Kufsteiner_Der-Bergdoktor-1919_9783732564545.json	0	20	0	0	6	26
000621_Kufsteiner_Der-Bergdoktor-1923_9783732565627.json	0	19	0	0	6	25
000622_Kufsteiner_Der-Bergdoktor-1927_9783732565665.json	0	17	0	0	6	23
000623_Kufsteiner_Der-Bergdoktor-1938_9783732567690.json	0	12	0	0	6	18
000624_Kufsteiner_Der-Bergdoktor-1991_9783732586608.json	0	20	0	0	6	26
000625_Kufsteiner_Der-Bergdoktor-2010_9783732591640.json	0	31	0	0	7	38
000626_Kufsteiner_Der-Bergdoktor-2018_9783732591725.json	0	22	0	0	6	28
000627_Larry_Brent_1_-_Dan_Shocker.json	0	0	0	1	5	6
000628_Lass_Blumen_sprechen_-_Verena_Kufsteiner.json	0	25	0	0	6	31
000629_Lassiter_-_Folge_2495_-_Jack_Slade.json	0	0	0	1	6	7
000630_Laurent_Fuersten-Roman---Folge-2428_9783838751405.json	0	22	0	0	6	28
000631_Laurent_Fuersten-Roman-2566_9783732574803.json	0	17	0	0	6	23
000632_Laurent_Fuersten-Roman-2579_9783732582914.json	0	0	14	0	6	20
000633_Laurent_Fuersten-Roman-2598_9783732592258.json	0	0	30	0	6	36
000634_Laurent_Fuersten-Roman-2626_9783751711494.json	0	0	29	0	6	35
000635_Laurent_Fuersten-Roman-2634_9783751719049.json	0	0	27	0	6	33
000636_Lausitz_Fuersten-Roman-2562_9783732572885.json	0	24	0	0	6	30
000637_Lausitz_Fuersten-Roman-2575_9783732580361.json	0	0	26	0	6	32
000638_Leitner_Alpengold-290_9783732576982.json	0	32	0	0	6	38
000639_Leitner_Alpengold-316_9783732591572.json	0	27	0	0	6	33
000640_Leitner_Alpengold-324_9783732597550.json	0	26	0	0	6	32
000641_Leitner_Alpengold-326_9783732597574.json	0	23	0	0	6	29
000642_Leitner_Alpengold-331_9783732598762.json	0	21	0	0	6	27
000643_Leitner_Alpengold-335_9783751705325.json	0	19	0	0	6	25
000644_Leitner_Alpengold-336_9783751705332.json	0	23	0	0	6	29
000645_Leitner_Alpengold-343_9783751710343.json	0	33	0	0	6	39
000646_Leitner_Alpengold-347_9783751710480.json	0	24	0	0	6	30
000647_Leitner_Alpengold-352_9783751710534.json	0	37	0	0	6	43
000648_Leitner_Alpengold-354_9783751716918.json	0	22	0	0	6	28
000649_Leitner_Alpengold-356_9783751716956.json	0	29	0	0	7	36
000650_Lentz_Fuersten-Roman-2588_9783732588398.json	0	0	28	0	6	34
000651_Lentz_Silvia-Gold-92---Liebesroman_9783732586875.json	0	0	0	1	6	7
000652_Leopold_Fuersten-Roman-2629_9783751711524.json	0	0	39	0	6	45
000653_Leopold_Fuersten-Roman-2633_9783751717861.json	0	0	28	0	6	34
000654_Leopold_Fuersten-Roman-2638_9783751722186.json	0	0	31	0	6	37
000655_Lewis_Traummaenner-_-Traumziele_-Arge_9783733738129.json	45	0	0	0	19	64
000656_Lichtenau_Alpengold-334_9783751702652.json	0	29	0	0	6	35
000657_Lichtenau_Alpengold-349_9783751710503.json	0	31	0	0	6	37
000658_Lichtenau_Alpengold-351_9783751710527.json	0	35	0	0	6	41
000659_Lichtenau_Alpengold-353_9783751716895.json	0	38	0	0	6	44
000660_Liebe_in_den_Bergen_-_Zwei_Bergromane.json	0	51	0	0	3	54
000661_Liebessommer_mit_einem_Fursten_-_Sharon_Kendrick___Stacy_Connell.json	40	0	0	0	8	48
000662_Liebessommer_mit_einem_Fursten___Sag_Ja,_i_-_Sharon_Kendrick___Stacy_Connelli___Jackie_.json	40	0	0	0	8	48
000663_Liebeszauber_auf_Santorin___Aus_-_Trish_Morey___Carol_Marinelli__.json	54	0	0	0	7	61
000664_Liebeszauber_auf_Santorin___Ausgerechnet_m_-_Trish_Morey___Carol_Marinelli___Lindsay_Ar.json	54	0	0	0	7	61
000665_Linden_Fuersten-Roman-2573_9783732579426.json	0	0	15	0	6	21
000666_Lindsay_Collection-Baccara-Band-353_9783733722524.json	35	0	0	0	8	43
000667_Lindsay_The-Master-Vintners---Eine-Win_9783733738143_(1).json	77	0	0	0	22	99
000668_Lindsay_The-Master-Vintners---Eine-Win_9783733738143.json	77	0	0	0	22	99
000669_Maartens_Fuersten-Roman-2623_9783751711463.json	0	0	33	0	6	39
000670_Maartens_Fuersten-Roman-2627_9783751711500.json	0	0	34	0	6	40
000671_Maartens_Fuersten-Roman-2630_9783751711531.json	0	0	36	0	6	42
000672_Manhattan_Millionaires_-_Skandale_aus_der_-_Maureen_Child,_Laura_Wright,_Jennifer_Lewi.json	70	0	0	0	23	93
000673_Mann_Alaska-in-Love---Familiengehei_9783751505123.json	92	0	0	0	33	125
000674_Mark_Hellmann_-_Folge_04_-_C._W._Bach.json	0	32	0	0	9	41
000675_Mark_Hellmann_Blutbad_auf_Usedom.json	0	32	0	0	9	41
000676_Martin_Alpengold-348_9783751710497.json	0	39	0	0	6	45
000677_Marton_Julia-Extra-Band-362_9783954465729.json	46	0	0	0	9	55
000678_McArthur_Julia-Aerzte-zum-Verlieben-Band_9783751501606.json	41	0	0	0	8	49
000679_Mcarthur_Julia-Aerzte-zum-Verlieben-Band_9783751501606.json	41	0	0	0	8	49
000680_Mcclone_Bianca-Extra-Band-1_9783733732165.json	40	0	0	0	10	50
000681_Mckay_Collection-Baccara-Band-367_9783733723293.json	39	0	0	0	9	48
000682_Mcmahon_Julia-Extra-Band-363_9783954465880.json	41	0	0	0	10	51
000683_Menschheitsdaemmerung_9783644005150.json	0	0	0	2	297	299
000684_Menschheitsdammerung_-_Unknown.json	0	0	0	2	297	299
000685_Mertens_Fuersten-Roman-2564_9783732573721.json	0	22	0	0	6	28
000686_Merz_Alpengold-181_9783732504794.json	0	22	0	0	6	28
000687_Merz_Alpengold-200_9783732517640.json	0	22	0	0	6	28
000688_Merz_Alpengold-209_9783732521241.json	0	22	0	0	6	28
000689_Merz_Alpengold-222_9783732532421.json	0	23	0	0	6	29
000690_Merz_Alpengold-227_9783732535644.json	0	24	0	0	6	30
000691_Miles_Baccara-Spezial-Band-12_9783751500791.json	58	0	0	0	10	68
000692_Miles_Baccara-Spezial-Band-6_9783733729271.json	54	0	0	0	9	63
000693_Miles_Baccara-Spezial-Band-9_9783733729301.json	41	0	0	0	8	49
000694_Milius_Fuersten-Roman-2580_9783732582921.json	0	0	24	0	6	30
000695_Milius_Fuersten-Roman-2620_9783751708128.json	0	0	22	0	6	28
000696_Milne_Die-schoensten-Liebesromane-der_9783751505475.json	135	0	0	0	37	172
000697_Mit_dir_ins_paradies_und_zurück.json	55	0	0	0	10	65
000698_Monroe_Julia-Extra-Band-370_9783954467396.json	50	0	0	0	11	61
000699_Morgan_Die-verschollenen-Prinzen-von-_9783733739201.json	62	0	0	0	22	84
000700_Morgan_Stuermische-Zeiten-auf-Glenmore_9783751505086.json	39	0	0	0	15	54
000701_Morgan_Traummaenner-_-Traumziele_-Ital_9783733787103.json	45	0	0	0	18	63
000702_Morland_Gaslicht---Neue-Edition-11---M_9783740993405.json	0	30	0	0	9	39
000703_Mortimer_Julia-Extra-Band-384_9783733706401.json	50	0	0	0	10	60
000704_Mythor_001_-_Der_Sohn_des_Kometen_-_Hugh_Walker.json	8	0	0	0	6	14
000705_Mythor_Band_001-049_-_Mythor.json	421	0	0	0	163	584
000706_Mythor_Band_050-099_-_Mythor.json	458	0	0	0	178	636
000707_Mythor_Band_100-149_-_Mythor.json	450	0	0	0	171	621
000708_Mythor_Band_150-193_-_Mythor.json	404	0	0	0	147	551
000709_Neuen_Fuersten-Roman-2586_9783732586837.json	0	0	18	0	6	24
000710_Norden_Fuersten-Roman-2600_9783732595983.json	0	0	21	0	6	27
000711_Norden_Fuersten-Roman-2624_9783751711470.json	0	0	24	0	6	30
000712_Notarztin_Andrea_Bergen_-_Folge_1341_-_Marina_Anders.json	0	29	0	0	6	35
000713_Nur_eine_Nacht_voller_Liebe__-_Susan_Stevens.json	55	0	0	0	10	65
000714_Nur_fur_eine_heisse_Nacht__-_Katherine_Garbera.json	7	0	0	0	3	10
000715_O_Neil_Julia-Aerzte-zum-Verlieben-Band_9783751501545.json	35	0	0	0	7	42
000716_Olson_Tiffany-Extra-Hot-_-Sexy-Band-_9783733752873.json	62	0	0	0	9	71
000717_Orloff_Fuersten-Roman-2587_9783732588381.json	0	0	10	0	6	16
000718_Pade_Bianca-Extra-Band-9_9783733732325.json	40	0	0	0	12	52
000719_Perrin_Collection-Baccara-Band-361_9783733723545.json	36	0	0	0	9	45
000720_Perry_Rhodan-Paket_10__Die_Capp_-_Perry_Rhodan_Redaktion.json	369	0	0	0	178	547
000721_Perry_Rhodan-Paket_10__Die_Cappins_(Teil_2_-_Perry_Rhodan_Redaktion.json	369	0	0	0	178	547
000722_Perry_Rhodan-Paket_11__Der_Schw_-_Perry_Rhodan_Redaktion.json	458	0	0	0	180	638
000723_Perry_Rhodan-Paket_11__Der_Schwarm_(Teil_1_-_Perry_Rhodan_Redaktion.json	458	0	0	0	180	638
000724_Perry_Rhodan-Paket_12__Der_Schw_-_Perry_Rhodan_Redaktion.json	454	0	0	0	179	633
000725_Perry_Rhodan-Paket_12__Der_Schwarm_(Teil_2_-_Perry_Rhodan_Redaktion.json	454	0	0	0	179	633
000726_Perry_Rhodan-Paket_13__Das_Kosm_-_Perry_Rhodan_Redaktion.json	444	0	0	0	186	630
000727_Perry_Rhodan-Paket_13__Das_Kosmische_Schac_-_Perry_Rhodan_Redaktion.json	444	0	0	0	186	630
000728_Perry_Rhodan-Paket_1__Die_Dritt_-_Perry_Rhodan.json	337	0	0	0	173	510
000729_Perry_Rhodan-Paket_1__Die_Dritte_Macht__Pe_-_Perry_Rhodan.json	337	0	0	0	173	510
000730_Perry_Rhodan-Paket_2__Atlan_und_-_Perry_Rhodan_Redaktion.json	373	0	0	0	178	551
000731_Perry_Rhodan-Paket_2__Atlan_und_Arkon__Per_-_Perry_Rhodan_Redaktion.json	373	0	0	0	178	551
000732_Perry_Rhodan-Paket_3__Die_Posbi_-_Perry_Rhodan_Redaktion.json	359	0	0	0	181	540
000733_Perry_Rhodan-Paket_3__Die_Posbis__Perry_Rh_-_Perry_Rhodan_Redaktion.json	359	0	0	0	181	540
000734_Perry_Rhodan-Paket_4__Das_Zweit_-_Perry_Rhodan_Redaktion.json	434	0	0	0	185	619
000735_Perry_Rhodan-Paket_4__Das_Zweite_Imperium__-_Perry_Rhodan_Redaktion.json	434	0	0	0	185	619
000736_Perry_Rhodan-Paket_5__Die_Meist_-_Perry_Rhodan_Redaktion.json	361	0	0	0	187	548
000737_Perry_Rhodan-Paket_5__Die_Meister_der_Inse_-_Perry_Rhodan_Redaktion.json	361	0	0	0	187	548
000738_Perry_Rhodan-Paket_6__Die_Meist_-_Perry_Rhodan_Redaktion.json	374	0	0	0	199	573
000739_Perry_Rhodan-Paket_6__Die_Meister_der_Inse_-_Perry_Rhodan_Redaktion.json	374	0	0	0	199	573
000740_Perry_Rhodan-Paket_7__M_87_(Tei_-_Perry_Rhodan_Redaktion.json	382	0	0	0	179	561
000741_Perry_Rhodan-Paket_7__M_87_(Teil_1)__Perry_-_Perry_Rhodan_Redaktion.json	382	0	0	0	179	561
000742_Perry_Rhodan-Paket_8__M_87_(Tei_-_Perry_Rhodan_Redaktion.json	358	0	0	0	180	538
000743_Perry_Rhodan-Paket_8__M_87_(Teil_2)__Perry_-_Perry_Rhodan_Redaktion.json	358	0	0	0	180	538
000744_Perry_Rhodan-Paket_9__Die_Cappi_-_Perry_Rhodan_Redaktion.json	382	0	0	0	176	558
000745_Perry_Rhodan-Paket_9__Die_Cappins_(Teil_1)_-_Perry_Rhodan_Redaktion.json	382	0	0	0	176	558
000746_Perry_Intime-Geschichten-10---Erotik_9783863770952.json	0	9	0	0	14	23
000747_Perry_Intime-Geschichten-23---Erotik_9783740940836.json	0	8	0	0	15	23
000748_Perry_Intime-Geschichten-24---Erotik_9783740942663.json	0	0	0	0	16	16
000749_Perry_Intime-Geschichten-26---Erotik_9783740947651.json	0	31	0	0	13	44
000750_Perry_Intime-Geschichten-27---Erotik_9783740949501.json	0	16	0	0	13	29
000751_Perry_Intime-Geschichten-33---Erotik_9783740958336.json	0	0	0	0	17	17
000752_Perry_Intime-Geschichten-34---Erotik_9783740960100.json	0	0	0	0	17	17
000753_Perry_Intime-Geschichten-35---Erotik_9783740961183.json	0	17	0	0	15	32
000754_Perry_Intime-Geschichten-6---Erotikr_9783863770914.json	0	7	0	0	14	21
000755_Perry_Intime-Geschichten-9---Erotikr_9783863770945.json	0	16	0	0	13	29
000756_Perry_Intime-Geschichten-Staffel-1--_9783863778989.json	0	43	0	1	20	64
000757_Rauenstein_Die-Welt-der-Hedwig-Courths-Ma_9783751729352.json	0	0	0	1	6	7
000758_Rawlins_Collection-Baccara-Band-359_9783733722647.json	33	0	0	0	9	42
000759_Rehfeld_Dino-Land---Folge-05_9783732535200.json	0	24	0	0	9	33
000760_Reid_Romana-Herzensbrecher-Band-5_9783733745172.json	33	0	0	0	7	40
000761_Reigning_Men_-_Sechs_Prinzen_finden_die_gr_-_Brenda_Harlen.json	78	0	0	0	23	101
000762_Ried_Alpengold-329_9783732598748.json	0	17	0	0	6	23
000763_Riedling_Alpengold-259_9783732556816.json	0	49	0	0	6	55
000764_Roberts_Julia-Aerzte-zum-Verlieben-Band_9783751501620.json	38	0	0	0	10	48
000765_Roberts_Julia-Extra-Band-372_9783733703738.json	43	0	0	0	10	53
000766_Rock_Das-McNeill-Imperium---Eine-mae_9783733717384.json	120	0	0	0	34	154
000767_Roe_Collection-Baccara-Band-354_9783733722548.json	32	0	0	0	8	40
000768_Rowling_Harry-Potter-und-der-Halbblutp_9781781100813.json	1	0	0	0	38	39
000769_Rowling_Harry-Potter-und-der-Stein-der_9781781100769.json	1	0	0	0	25	26
000770_Ruttan_Julia-Aerzte-zum-Verlieben-Band_9783733715588.json	54	0	0	0	11	65
000771_Ryder_Julia-Aerzte-zum-Verlieben-Band_9783733715595.json	38	0	0	0	10	48
000772_Sands_Collection-Baccara-Band-357_9783733722609.json	31	0	0	0	8	39
000773_Sartena_Fuersten-Roman-2610_9783732599264.json	0	0	28	0	6	34
000774_Sartena_Fuersten-Roman-2622_9783751711456.json	0	0	26	0	6	32
000775_Sartena_Fuersten-Roman-2628_9783751711517.json	0	0	24	0	6	30
000776_Sartena_Fuersten-Roman-2635_9783751719391.json	0	0	25	0	6	31
000777_Schrei_nach_Satan.json	1	0	0	0	9	10
000778_Schuder_Das-Haus-Zamis-19_9783751717663.json	4	0	0	0	9	13
000779_Schuder_Das-Haus-Zamis-20_9783751717670.json	4	0	0	0	9	13
000780_Schwartz_Das-Haus-Zamis-21_9783751718769.json	5	0	0	0	9	14
000781_Schwartz_Das-Haus-Zamis-26_9783751723510.json	5	0	0	0	9	14
000782_Schwartz_Maddrax-311_9783838714813.json	0	0	28	0	10	38
000783_Schwarz_Maddrax-301_9783838712826.json	0	0	30	0	10	40
000784_Schwarz_Maddrax-307_9783838713540.json	0	0	20	0	10	30
000785_Schwarz_Maddrax-315_9783838716848.json	0	0	25	0	10	35
000786_Schwarz_Maddrax-325_9783838718699.json	0	0	17	0	11	28
000787_Schwarz_Maddrax-333_9783838721583.json	0	0	24	0	10	34
000788_Schwarz_Maddrax-343_9783838727028.json	0	0	27	0	10	37
000789_Schwarz_Maddrax-344_9783838727202.json	0	0	29	0	11	40
000790_Seeberg_Fuersten-Roman-2567_9783732575732.json	0	33	0	0	6	39
000791_Seeberg_Fuersten-Roman-2578_9783732581337.json	0	0	21	0	6	27
000792_Seeberg_Fuersten-Roman-2584_9783732584611.json	0	0	21	0	6	27
000793_Seeberg_Fuersten-Roman-2597_9783732592241.json	0	0	23	0	6	29
000794_Seeberg_Fuersten-Roman-2605_9783732596034.json	0	0	21	0	6	27
000795_Seeberg_Fuersten-Roman-2613_9783751704670.json	0	0	26	0	6	32
000796_Seeberg_Fuersten-Roman-2631_9783751711548.json	0	0	35	0	6	41
000797_Seeberg_Fuersten-Roman-2639_9783751722193.json	0	0	31	0	6	37
000798_Seefelder_Alpengold-355_9783751716932.json	0	26	0	0	6	32
000799_Seelenschwert.json	1	0	0	0	9	10
000800_Seethaler_Alpengold-263_9783732559848.json	0	31	0	0	6	37
000801_Seidel_Maddrax-313_9783838714899.json	0	0	27	0	10	37
000802_Shadow_Gaslicht---Neue-Edition-1---My_9783740984465.json	0	40	0	0	9	49
000803_Shalvis_Tiffany-Extra-Band-3_9783954466764.json	55	0	0	0	9	64
000804_Shocker_Dan-Shocker_s-LARRY-BRENT-1_9783962821104.json	0	0	0	1	5	6
000805_Shocker_Dan-Shocker_s-Macabros-1_9783946076414.json	0	44	0	0	4	48
000806_Sinclair_Tiffany-Extra-Hot-_-Sexy-Band-_9783733753849.json	52	0	0	0	12	64
000807_Sinclair_Tiffany-Extra-Hot-_-Sexy-Band-_9783733753870.json	48	0	0	0	9	57
000808_Slade_Lassiter-2495---Western_9783732596881.json	0	0	0	1	6	7
000809_Slade_Lassiter-Sammelband-1783---Wes_9783732562152.json	0	69	0	0	17	86
000810_Slade_Lassiter-Sammelband-1785---Wes_9783732562213.json	0	63	0	0	17	80
000811_Slade_Lassiter-Sammelband-1786---Wes_9783732562220.json	0	67	0	0	17	84
000812_Slade_Lassiter-Sammelband-1787---Wes_9783732562237.json	0	91	0	0	17	108
000813_Slade_Lassiter-Sammelband-1788---Wes_9783732562244.json	0	65	0	0	17	82
000814_Slade_Lassiter-Sammelband-1789---Wes_9783732562251.json	0	78	0	0	17	95
000815_Slade_Lassiter-Sammelband-1790---Wes_9783732562268.json	0	65	0	0	17	82
000816_Slade_Lassiter-Sammelband-1791---Wes_9783732562275.json	0	66	0	0	17	83
000817_Slade_Lassiter-Sammelband-1793---Wes_9783732562299.json	0	70	0	0	17	87
000818_Slade_Lassiter-Sammelband-1794---Wes_9783732575367.json	0	77	0	0	17	94
000819_Slade_Lassiter-Sammelband-1795---Wes_9783732575374.json	0	78	0	0	17	95
000820_Slade_Lassiter-Sammelband-1800---Wes_9783732583447.json	0	80	0	0	17	97
000821_Slade_Lassiter-Sammelband-1805---Wes_9783732583492.json	0	71	0	0	17	88
000822_Slade_Lassiter-Sammelband-1809---Wes_9783732591442.json	0	79	0	0	17	96
000823_Slade_Lassiter-Sammelband-1810---Wes_9783732591459.json	0	79	0	0	17	96
000824_Slade_Lassiter-Sammelband-1811---Wes_9783732591466.json	0	82	0	0	17	99
000825_Slade_Lassiter-Sammelband-1813---Wes_9783732591480.json	0	80	0	0	17	97
000826_Sophienlust_Classic_-_9_-_Die_hochmutigen_-_Vandenberg,_Patricia.json	0	46	0	0	9	55
000827_Stern_Maddrax-302_9783838713199.json	0	0	29	0	11	40
000828_Stern_Maddrax-305_9783838713403.json	0	0	36	0	10	46
000829_Stern_Maddrax-310_9783838714806.json	0	0	35	0	11	46
000830_Stern_Maddrax-314_9783838716831.json	0	0	37	0	11	48
000831_Stern_Maddrax-316_9783838716985.json	0	0	32	0	12	44
000832_Stern_Maddrax-324_9783838718682.json	2	0	0	0	13	15
000833_Stern_Maddrax-327_9783838720401.json	0	0	25	0	10	35
000834_Stern_Maddrax-332_9783838721576.json	0	0	29	0	11	40
000835_Stern_Maddrax-340_9783838726434.json	0	0	36	0	11	47
000836_Stern_Maddrax-346_9783838733340.json	0	0	29	0	12	41
000837_Stern_Maddrax-347_9783838733357.json	0	0	35	0	10	45
000838_Stevens_Baccara-Spezial-Band-10_9783751500777.json	40	0	0	0	8	48
000839_Stevens_Baccara-Spezial-Band-11_9783751500784.json	40	0	0	0	8	48
000840_Sturmische_Zeiten_auf_Glenmore_Island_(4-t_-_Sarah_Morgan.json	39	0	0	0	15	54
000841_Suchanek_Maddrax-335_9783838723075.json	0	0	33	0	10	43
000842_Suchanek_Maddrax-341_9783838726441.json	0	0	31	0	10	41
000843_Suchanek_Maddrax-345_9783838727219.json	0	0	33	0	10	43
000844_Sullivan_Im-Bann-der-Diamanten---Zwei-F_9783733727314.json	65	0	0	0	20	85
000845_Thanneck_Fuersten-Roman-2591_9783732590735.json	0	0	20	0	6	26
000846_Thanner_Alpengold-204_9783732519804.json	0	18	0	0	6	24
000847_Thayer_Bianca-Extra-Band-4_9783733732226.json	48	0	0	0	9	57
000848_Thayer_Bianca-Extra-Band-5_9783733732240.json	45	0	0	0	11	56
000849_Thayne_Bianca-Extra-Band-12_9783733732363.json	42	0	0	0	9	51
000850_The_Master_Vintners_-_Eine_Winzerfamilie_z_-_Yvonne_Lindsay.json	77	0	0	0	22	99
000851_The_Wedding_Party_Collection_-_Sechs_Traum_-_Heidi_Rice,_Charlotte_Phillips,_Ally_Blake.json	72	0	0	0	24	96
000852_Toni_der_Huttenwirt_-_223_-_Wir_schaffen_e_-_von_Buchner,_Friederike.json	0	15	0	0	9	24
000853_Traummanner_&_Traumziele__Argentinien_-_Jennifer_Lewis,_India_Grey,_Melissa_Mcclon.json	45	0	0	0	19	64
000854_Traummanner_&_Traumziele__Italienische_Ins_-_Sarah_Morgan,_Amanda_Browning,_Annie_West,.json	45	0	0	0	18	63
000855_Turm_der_1000_Schrecken.json	0	32	0	0	10	42
000856_Uhl_Alpengold-337_9783751706315.json	0	29	0	0	6	35
000857_Vampir_von_Manhattan.json	0	23	0	0	9	32
000858_Vary_Alpengold-258_9783732556809.json	0	43	0	0	6	49
000859_Vennemann_Maddrax-304_9783838713397.json	0	0	24	0	11	35
000860_Vennemann_Maddrax-309_9783838714318.json	0	0	30	0	10	40
000861_Vennemann_Maddrax-320_9783838718071.json	0	0	24	0	11	35
000862_Vennemann_Maddrax-329_9783838720760.json	0	0	20	0	10	30
000863_Vennemann_Maddrax-337_9783838723723.json	0	0	27	0	10	37
000864_Vennemann_Maddrax-342_9783838727011.json	0	0	28	0	11	39
000865_Verbotene_Überstunden_mit_dem_boss.json	40	0	0	0	9	49
000866_Verschmaht_-_Hedwig_Courths-Mahler.json	0	0	0	0	6	6
000867_Vlcek_Das-Haus-Zamis-10_9783751714648.json	4	0	0	0	9	13
000868_Vlcek_Das-Haus-Zamis-11_9783751714655.json	5	0	0	0	9	14
000869_Vlcek_Das-Haus-Zamis-16_9783751714709.json	4	0	0	0	9	13
000870_Vlcek_Das-Haus-Zamis-17_9783751714716.json	6	0	0	0	9	15
000871_Vlcek_Das-Haus-Zamis-3_9783751705271.json	5	0	0	0	9	14
000872_Vlcek_Das-Haus-Zamis-6_9783751708685.json	6	0	0	0	9	15
000873_Vlcek_Das-Haus-Zamis-9_9783751714631.json	4	0	0	0	9	13
000874_Vlcek_Dorian-Hunter-1---Horror-Serie_9783732569823.json	5	0	0	0	8	13
000875_Vlcek_Dorian-Hunter-10---Horror-Seri_9783732576395.json	5	0	0	0	9	14
000876_Vlcek_Dorian-Hunter-11---Horror-Seri_9783732576401.json	5	0	0	0	9	14
000877_Vlcek_Dorian-Hunter-15---Horror-Seri_9783732577637.json	5	0	0	0	9	14
000878_Vlcek_Dorian-Hunter-16---Horror-Seri_9783732579686.json	5	0	0	0	9	14
000879_Vlcek_Dorian-Hunter-19---Horror-Seri_9783732580606.json	5	0	0	0	9	14
000880_Vlcek_Dorian-Hunter-25---Horror-Seri_9783732583997.json	5	0	0	0	9	14
000881_Vlcek_Dorian-Hunter-26---Horror-Seri_9783732585052.json	5	0	0	0	9	14
000882_Vlcek_Dorian-Hunter-3---Horror-Serie_9783732569847.json	5	0	0	0	8	13
000883_Vlcek_Dorian-Hunter-30---Horror-Seri_9783732588640.json	5	0	0	0	9	14
000884_Vlcek_Dorian-Hunter-34---Horror-Seri_9783732590957.json	5	0	0	0	9	14
000885_Vlcek_Dorian-Hunter-41---Horror-Seri_9783732591961.json	5	0	0	0	9	14
000886_Vlcek_Dorian-Hunter-45---Horror-Seri_9783732597970.json	5	0	0	0	9	14
000887_Vlcek_Dorian-Hunter-46---Horror-Seri_9783732597987.json	5	0	0	0	9	14
000888_Vlcek_Dorian-Hunter-5---Horror-Serie_9783732573011.json	4	0	0	1	9	14
000889_Vlcek_Dorian-Hunter-6---Horror-Serie_9783732574049.json	6	0	0	0	9	15
000890_Vlcek_Dorian-Hunter-8---Horror-Serie_9783732574995.json	6	0	0	0	9	15
000891_Voehl_Das-Haus-Zamis-22_9783751719124.json	5	0	0	0	9	14
000892_Voehl_Das-Haus-Zamis-24_9783751719841.json	4	0	0	0	9	13
000893_Voehl_Das-Haus-Zamis-25_9783751720182.json	4	0	0	0	9	13
000894_Walker_Mythor-1_-Der-Sohn-des-Kometen_9783845397535.json	8	0	0	0	6	14
000895_Walker_Mythor-Paket-1_9783845399461.json	421	0	0	0	163	584
000896_Wallner_Alpengold---Folge-160_9783838756059.json	0	24	0	0	6	30
000897_Wallner_Alpengold-160_9783838756059.json	0	24	0	0	6	30
000898_Wallner_Alpengold-165_9783838756103.json	0	20	0	0	6	26
000899_Wallner_Alpengold-180_9783732504787.json	0	37	0	0	6	43
000900_Wallner_Alpengold-199_9783732516728.json	0	34	0	0	6	40
000901_Wallner_Alpengold-255_9783732554522.json	0	20	0	0	6	26
000902_Wallner_Alpengold-260_9783732557929.json	0	16	0	0	6	22
000903_Warren_Dorian-Hunter-20---Horror-Seri_9783732581832.json	5	0	0	0	9	14
000904_Warren_Dorian-Hunter-24---Horror-Seri_9783732583980.json	5	0	0	0	9	14
000905_Warren_Dorian-Hunter-28---Horror-Seri_9783732587186.json	5	0	0	0	9	14
000906_Warren_Dorian-Hunter-33---Horror-Seri_9783732590209.json	4	0	0	0	9	13
000907_Warren_Dorian-Hunter-38---Horror-Seri_9783732591930.json	5	0	0	0	9	14
000908_Warren_Dorian-Hunter-40---Horror-Seri_9783732591954.json	5	0	0	0	9	14
000909_Warren_Dorian-Hunter-43---Horror-Seri_9783732597956.json	5	0	0	0	9	14
000910_Warren_Dorian-Hunter-48---Horror-Seri_9783732598007.json	4	0	0	0	9	13
000911_Webb_Baccara-Spezial-Band-13_9783751500807.json	54	0	0	0	10	64
000912_Weber_Tiffany-Extra-Hot-_-Sexy-Band-_9783733752675.json	54	0	0	0	10	64
000913_Wechselhaft_wie_der_April__-_Andreas_Kufsteiner.json	0	22	0	0	6	28
000914_Weinland_2012---Folge-6_9783838713625.json	10	0	7	0	7	24
000915_Weinland_Maddrax-323_9783838718408.json	11	0	0	1	10	22
000916_Weinland_Maddrax-326_9783838720395.json	0	0	37	0	11	48
000917_Weinland_Maddrax-331_9783838721170.json	0	0	0	1	8	9
000918_Weinland_Maddrax-349_9783838744612.json	0	0	28	0	10	38
000919_Wendhofer_Alpengold-267_9783732561872.json	0	24	0	0	6	30
000920_Wendt_Fuersten-Roman-2619_9783751708111.json	0	0	31	0	6	37
000921_Widerstand_zwecklos_-_Roma_Lentz.json	0	0	0	1	6	7
000922_Wiemers_Romana-Traumziele-der-Liebe-Ba_9783733744281.json	33	0	0	0	8	41
000923_Wiemers_Romana-Traumziele-der-Liebe-Ba_9783733744595.json	29	0	0	0	10	39
000924_Wiemers_Romana-Traumziele-der-Liebe-Ba_9783733744748.json	32	0	0	0	9	41
000925_Wiemers_Romana-Weihnachten-2019_9783733745097.json	27	0	0	0	10	37
000926_Willingham_Die-Braut-des-irischen-Krieger_9783954466474.json	3	0	0	0	5	8
000927_Winter_Romana-Traumziele-der-Liebe-Ba_9783733744274.json	29	0	0	0	10	39
000928_Winterfield_Die-schwarzen-Perlen---Folge-2_9783732517695.json	0	35	0	0	7	42
000929_Winters_Das-Herz-des-griechischen-Mill_9783733727321.json	42	0	0	0	16	58
000930_Winters_Romana-Herzensbrecher-Band-1_9783733744304.json	32	0	0	0	8	40
000931_Wolf_Mythor-Paket-2_9783845399478.json	458	0	0	0	178	636
000932_Wolf_Mythor-Paket-3_9783845399485(1).json	450	0	0	0	171	621
000933_Wolf_Mythor-Paket-3_9783845399485.json	450	0	0	0	171	621
000934_Wolf_Mythor-Paket-4_9783845399492.json	404	0	0	0	147	551
000935_Wood_Julia-Extra-Band-384_9783733706401.json	50	0	0	0	10	60
000936_Zorn_Maddrax-322_9783838718392.json	0	0	25	0	11	36
000937_Zorn_Maddrax-328_9783838720753.json	0	0	30	0	11	41
000938_Zweig_Fuersten-Roman-2625_9783751711487.json	0	0	48	0	6	54
000939_Zweig_Fuersten-Roman-2632_9783751717854.json	0	0	33	0	6	39
000940_Zybell_Maddrax-303_9783838713205.json	0	0	25	0	10	35
000941_Zybell_Maddrax-306_9783838713533.json	0	0	29	0	10	39
000942_Zybell_Maddrax-319_9783838717739.json	0	0	32	0	10	42
000943_Zybell_Maddrax-330_9783838721163.json	0	0	24	0	11	35
000944_Zybell_Maddrax-334_9783838723068.json	0	0	23	0	11	34
000945_Zybell_Maddrax-336_9783838723716.json	0	0	26	0	11	37
000946_[Der_Landser_1081_]_Ewers,_H_G_-_Midway_II.json	0	0	0	0	12	12
000947_[Der_Landser_866_]_Ewers,_H_G_-_Feindflug_nach_Osten.json	0	0	0	0	10	10
000948_[Der_Landser_Grossband_1052_]_Griese,_Peter_-_Der_unsichtbare_Feind.json	0	0	0	0	3	3
000949_[Der_Landser_Grossband_878_]_Buchner,_A_-_Narvik.json	0	8	0	0	1	9
000950_[Der_Landser_Orange_1089_]_Francis,_Heinz_G_-_Kampf_In_Kareliens_Winterwaeldern.json	0	0	0	0	3	3
000951_[Der_Landser_Orange_1090_]_Mahr,_Kurt_-_Die_Feuerhoelle_Von_Kursk.json	0	0	0	0	5	5
000952_[Der_Landser_Orange_1091_]_Ewers,_H_G_-_Der_endlose_Weg.json	0	0	0	1	6	7
000953_[Der_Landser_Orange_704_]_Sandner_-_Die_Hoelle_von_Schepetowka.json	0	0	0	0	5	5
000954__Intime-Geschichten-Staffel-2--_9783740919498.json	0	64	0	0	20	84
000955__Irrlicht-Box-2---Mystikroman_9783740919047.json	0	0	0	0	25	25
000956__Irrlicht-Jubilaeumsbox-3---Myst_9783740927356.json	0	0	0	0	28	28
000957__Irrlicht-Jubilaeumsbox-4---Myst_9783740928421.json	0	0	0	0	22	22
